VIN,Make,Model Year,Fuel Type,Model Type,Transmission,Body Style,Color,Grade,Price,Location
FBCEE9F621A44499A,Tesla,2023,Electric,Model 3,Manual,Hatchback,Gray,3.4,53566,BMW of San Francisco
15C70FF54A6E43A98,BMW,2020,Electric,X5,AWD Automatic,Coupe,Red,3.1,26170,Ford of Detroit
2371E2DE26954C9AB,Toyota,2024,Gasoline,Highlander,Automatic,Truck,Green,4.3,55421,Honda of Chicago
09028AC21DF348BB9,BMW,2021,Diesel,3 Series,Manual,Truck,Silver,3.5,34081,Toyota of Seattle
51C3E6D380DB4586A,Ford,2020,Gasoline,Mustang,Manual,SUV,Red,3.2,24182,Chevrolet of Houston
2E118D89278C4B018,Honda,2023,Gasoline,Pilot,Manual,Sedan,Blue,4.8,63103,Honda of Chicago
571CBC8DAF754F68A,Tesla,2020,Diesel,Model S,Manual,SUV,Blue,3.1,64114,Honda of Chicago
0616729D18744892A,Honda,2022,Hybrid,Pilot,Manual,Truck,Gray,5.0,68260,Chevrolet of Houston
D3B0D5AB51914D97B,Chevrolet,2025,Hybrid,Silverado,Automatic,SUV,Green,4.2,40406,Audi of Miami
41619605E9D842D6B,Toyota,2018,Hybrid,Corolla,AWD Automatic,Truck,Onyx Black,4.7,44830,Honda of Chicago
61D3B1FD246F4D1AB,Chevrolet,2023,Electric,Silverado,Manual,Coupe,Red,3.7,74684,BMW of San Francisco
74DD9F3668D042908,Honda,2020,Gasoline,Civic,AWD Automatic,SUV,White,3.7,65222,Tesla Store Los Angeles
9FC948EA66A24C02B,Ford,2025,Electric,F-150,AWD Automatic,Hatchback,Green,3.0,22064,Toyota of Seattle
D8635BB740AE4CF1A,Audi,2020,Electric,Q7,AWD Automatic,Coupe,Blue,3.4,30632,Toyota of Seattle
71100ADD79D54EBE8,Audi,2024,Hybrid,Q5,AWD Automatic,Sedan,Silver,3.6,60362,BMW of San Francisco
22A37E516CD340A89,Honda,2022,Electric,CR-V,Automatic,Coupe,White,3.5,21741,Hyundai of Dallas
02EA471587944B648,Volvo,2024,Electric,XC60,Manual,SUV,Red,4.0,44690,Mercedes-Benz of Atlanta
D513B24E3A6C44E1A,Toyota,2018,Hybrid,RAV4,AWD Automatic,Hatchback,Onyx Black,4.3,45640,Toyota of Seattle
AC8F0B104E5C48B1A,Chevrolet,2021,Diesel,Silverado,AWD Automatic,Coupe,Onyx Black,4.4,77293,Ford of Detroit
196FE813409E49949,Honda,2025,Gasoline,Accord,AWD Automatic,SUV,Green,3.9,45112,Audi of Miami
AAF3702D1CDA426EB,Tesla,2018,Gasoline,Model X,Automatic,SUV,Silver,3.6,57629,Chevrolet of Houston
86DA5216804645189,Chevrolet,2019,Gasoline,Malibu,AWD Automatic,Truck,Onyx Black,3.2,52078,Honda of Chicago
286D66566BB5496DB,Tesla,2023,Electric,Model Y,Manual,Sedan,White,4.7,50111,Tesla Store Los Angeles
36310A9638604CDEB,BMW,2024,Diesel,X3,AWD Automatic,SUV,White,3.8,65684,Ford of Detroit
8D7602125E1342BAA,Audi,2022,Electric,A6,Manual,Truck,Silver,3.2,66434,Chevrolet of Houston
C7464F036E1D42CE9,Volvo,2020,Electric,XC60,Automatic,Coupe,Onyx Black,3.4,32035,Mercedes-Benz of Atlanta
52E843FA494B48D49,Mercedes-Benz,2023,Diesel,C-Class,Manual,Coupe,Silver,4.8,57342,Volvo Cars of Manhattan
A6AC67440E964CBE8,Mercedes-Benz,2025,Hybrid,C-Class,AWD Automatic,SUV,Silver,4.1,45921,Honda of Chicago
0AB9528A0330413FB,Hyundai,2025,Electric,Elantra,AWD Automatic,Coupe,Green,4.2,20457,Volvo Cars of Manhattan
845CCCF3559341408,Ford,2020,Electric,Escape,Manual,Hatchback,Silver,4.9,48999,Mercedes-Benz of Atlanta
9AED0DEB9A3546D88,Ford,2022,Gasoline,Escape,Automatic,Coupe,Red,4.7,43700,Volvo Cars of Manhattan
30B929852F72422D9,Audi,2025,Diesel,A6,Automatic,Coupe,White,3.2,41924,Ford of Detroit
A23C2618F56F4B3EA,Mercedes-Benz,2020,Gasoline,C-Class,Automatic,Truck,Onyx Black,4.5,68856,Volvo Cars of Manhattan
7849436286644A3C8,Volvo,2019,Diesel,V60,Automatic,SUV,Red,3.6,36559,BMW of San Francisco
E949A28C6EBC4A948,Tesla,2022,Gasoline,Model 3,Automatic,Hatchback,Onyx Black,3.5,51315,Honda of Chicago
ED29C25C5166409D9,Mercedes-Benz,2019,Gasoline,C-Class,Automatic,Truck,Onyx Black,3.5,24285,BMW of San Francisco
1DDA35DF7CB244589,Tesla,2018,Electric,Model S,AWD Automatic,Truck,Green,4.9,61299,BMW of San Francisco
0C1378E6721A4FE6B,Mercedes-Benz,2018,Hybrid,GLE,Manual,Coupe,Blue,3.3,64462,Chevrolet of Houston
4BE536F1114749438,Honda,2019,Electric,CR-V,Automatic,Truck,White,3.7,59844,Toyota of Seattle
463708BA0CA943119,Volvo,2021,Gasoline,S60,AWD Automatic,Sedan,Gray,3.6,35178,BMW of San Francisco
859E3DB9613F499A8,Tesla,2020,Hybrid,Model X,AWD Automatic,Coupe,White,4.9,56871,Mercedes-Benz of Atlanta
BE9232FA12434C35A,Toyota,2021,Electric,Camry,AWD Automatic,SUV,Silver,4.3,62655,Volvo Cars of Manhattan
B5B8D42EC6C645618,Audi,2024,Diesel,Q7,Automatic,Sedan,Gray,4.7,63362,Toyota of Seattle
D278378B0FAB481B9,Toyota,2024,Electric,Corolla,Automatic,Hatchback,Blue,3.9,36799,Tesla Store Los Angeles
B95ADBBD322F430CA,Audi,2019,Diesel,A6,AWD Automatic,Coupe,Blue,4.1,33277,Toyota of Seattle
8FCC81DBA6764A95B,Chevrolet,2022,Diesel,Equinox,Manual,Hatchback,Blue,4.4,68768,Ford of Detroit
75A14B20479F4D44B,Tesla,2018,Gasoline,Model Y,Manual,Truck,Gray,3.5,28309,Hyundai of Dallas
4045E6CA502B44DF8,Mercedes-Benz,2018,Electric,GLE,Manual,Truck,Silver,3.4,74128,Mercedes-Benz of Atlanta
D79B8D6A76FA4C7C9,Chevrolet,2025,Diesel,Tahoe,Automatic,Sedan,Green,4.8,56229,Chevrolet of Houston
8D62EBEB4E9A46B1A,BMW,2020,Diesel,X3,AWD Automatic,Truck,Green,4.3,71455,Tesla Store Los Angeles
37E857F6D10C4371B,Volvo,2022,Gasoline,XC90,AWD Automatic,Coupe,Green,3.0,31538,Volvo Cars of Manhattan
A13FFCF6595044EBA,Mercedes-Benz,2022,Gasoline,C-Class,Automatic,Truck,Green,3.8,54323,Audi of Miami
421132CE81324433A,Hyundai,2019,Electric,Santa Fe,AWD Automatic,SUV,Green,4.5,57852,BMW of San Francisco
4939B0FD15A64F539,Tesla,2019,Electric,Model Y,AWD Automatic,Coupe,Blue,4.8,56018,BMW of San Francisco
F37496CE639144DEA,Volvo,2020,Gasoline,V60,Manual,Coupe,Blue,3.3,65322,Chevrolet of Houston
CAB8253158DD4681B,Volvo,2020,Hybrid,XC90,Automatic,Hatchback,Blue,4.8,22172,Audi of Miami
7C5F53470A69484D9,BMW,2018,Diesel,X3,AWD Automatic,Sedan,White,4.0,61327,Mercedes-Benz of Atlanta
FA9DE602B9BC4138A,Toyota,2025,Hybrid,Highlander,AWD Automatic,Coupe,Gray,4.3,63651,Tesla Store Los Angeles
DAC06436AF414465A,BMW,2018,Gasoline,X3,Automatic,Coupe,White,4.4,53144,Chevrolet of Houston
440B3FF381E24E538,Honda,2018,Electric,CR-V,Manual,Truck,Blue,4.8,69385,Ford of Detroit
E5BE4FE2C6404527B,Audi,2020,Gasoline,A6,Automatic,SUV,Green,4.7,58495,Ford of Detroit
F324CAEB9A184D6BB,Mercedes-Benz,2018,Hybrid,GLC,Manual,Coupe,White,3.2,43520,Hyundai of Dallas
0E4CCCC401EF40608,Honda,2023,Hybrid,Pilot,Automatic,Sedan,Blue,3.3,33174,Toyota of Seattle
9A90053699F448D48,Toyota,2020,Diesel,Highlander,AWD Automatic,Hatchback,White,4.8,75210,Hyundai of Dallas
E801F43C6E2F448F8,Audi,2025,Gasoline,A4,Manual,Truck,Green,3.2,28607,Toyota of Seattle
6F6E3A74C64842FCB,BMW,2019,Diesel,X3,Manual,SUV,Blue,3.7,54025,Volvo Cars of Manhattan
7DFFF6DB79694F1CA,Volvo,2025,Electric,XC60,Manual,Hatchback,Green,4.6,42428,Honda of Chicago
52EB11C7A4D64E038,Mercedes-Benz,2018,Electric,C-Class,AWD Automatic,Sedan,Green,4.4,50421,Ford of Detroit
4DBF80220B234ACBB,Honda,2024,Gasoline,Pilot,Automatic,Coupe,Blue,3.4,44061,Mercedes-Benz of Atlanta
5364D3B194614352B,Tesla,2022,Gasoline,Model S,AWD Automatic,Hatchback,Gray,3.5,63139,Toyota of Seattle
611B53B929584235A,Audi,2020,Gasoline,Q7,Automatic,SUV,Red,3.7,21067,BMW of San Francisco
13EDE7499BC043EBB,Tesla,2025,Diesel,Model Y,Manual,Hatchback,Silver,4.6,27739,BMW of San Francisco
621F1474D5B341A6B,Audi,2020,Diesel,Q5,Automatic,Hatchback,Blue,4.0,20924,Audi of Miami
20F30FA3D9AA4EC29,Honda,2021,Electric,Pilot,Automatic,SUV,Red,3.3,48547,Audi of Miami
AB4CBF820B1E4781B,Ford,2021,Diesel,Mustang,Manual,Sedan,Onyx Black,3.6,40174,Honda of Chicago
49A1BB0D9F7844918,Audi,2020,Hybrid,Q5,AWD Automatic,Hatchback,Red,5.0,59379,Audi of Miami
4EC6AA7D757E403BA,Ford,2023,Electric,Mustang,Manual,Sedan,Red,4.5,35139,BMW of San Francisco
05ECF71CDF4A434AB,Toyota,2025,Diesel,Camry,AWD Automatic,SUV,Red,3.4,52262,Audi of Miami
C1AC1D44691F4FAA9,Ford,2023,Electric,Mustang,AWD Automatic,Coupe,Red,3.4,31017,Tesla Store Los Angeles
646085FDC3DA4BAEB,Hyundai,2022,Diesel,Santa Fe,Manual,Truck,Gray,3.2,40074,Hyundai of Dallas
B9C65774F54C490B8,Hyundai,2023,Gasoline,Elantra,Manual,Coupe,Silver,4.6,59219,Mercedes-Benz of Atlanta
556C10C19CA64BE99,Chevrolet,2020,Electric,Tahoe,AWD Automatic,Coupe,Red,4.5,36799,Volvo Cars of Manhattan
A2F073A5ED6C4293A,Audi,2019,Hybrid,A4,Manual,Truck,Green,4.6,73171,Mercedes-Benz of Atlanta
DBDAA75C195940DE9,Toyota,2023,Hybrid,RAV4,Manual,SUV,Red,3.3,24411,Audi of Miami
1112B253F907480B8,Ford,2018,Hybrid,Escape,AWD Automatic,Truck,Silver,3.7,54970,BMW of San Francisco
C2806ED5220743958,Audi,2019,Electric,A4,Automatic,Sedan,Blue,3.1,77597,Audi of Miami
95640784BB024EB8B,Ford,2025,Electric,F-150,Manual,SUV,Blue,4.8,76374,Honda of Chicago
3ABDA4EF6CDA4AE79,BMW,2025,Hybrid,3 Series,Manual,SUV,White,3.2,22424,Hyundai of Dallas
18D0D00B50924548A,Tesla,2018,Diesel,Model X,Manual,Coupe,Green,3.0,62678,BMW of San Francisco
28551D3EA163468CA,Volvo,2018,Diesel,XC90,AWD Automatic,SUV,White,3.6,30313,Hyundai of Dallas
0028DFEA9D0A4EE99,Chevrolet,2025,Diesel,Equinox,AWD Automatic,Hatchback,Gray,3.4,56704,Chevrolet of Houston
DC7FA18F48714472A,Toyota,2019,Electric,Camry,Manual,Coupe,Onyx Black,3.6,31728,BMW of San Francisco
4D30177534FB45A5B,Tesla,2019,Diesel,Model 3,Automatic,Sedan,White,4.6,26581,Tesla Store Los Angeles
3648E2201D9A4232A,Chevrolet,2024,Gasoline,Tahoe,Automatic,Hatchback,Onyx Black,3.9,66286,Volvo Cars of Manhattan
F4CFE5A1DA4A4FADB,Tesla,2023,Diesel,Model Y,Automatic,Truck,Onyx Black,4.1,66936,Mercedes-Benz of Atlanta
34F41C006CFA49C7B,Toyota,2023,Electric,Corolla,Manual,SUV,Green,4.3,27389,BMW of San Francisco
495B735AA5FC430BA,Honda,2024,Hybrid,CR-V,Manual,SUV,Silver,4.2,53731,Hyundai of Dallas
62FA101D90C24289A,Tesla,2025,Diesel,Model X,Manual,Hatchback,Silver,4.4,31245,Mercedes-Benz of Atlanta
684EAD787C35471F9,Honda,2022,Electric,CR-V,Automatic,Truck,White,4.8,56748,Tesla Store Los Angeles
6E9CEFEED9FC4D599,Hyundai,2023,Hybrid,Tucson,Manual,Coupe,Green,3.6,77911,Audi of Miami
2F60BF36899A44D7B,Hyundai,2019,Electric,Tucson,AWD Automatic,Truck,Blue,4.8,31173,Volvo Cars of Manhattan
1A3CEA8C076649D78,Hyundai,2018,Hybrid,Santa Fe,AWD Automatic,Truck,Gray,4.0,78263,BMW of San Francisco
8BC19E14E8114E089,Ford,2024,Gasoline,Escape,Manual,SUV,Green,3.2,52153,Volvo Cars of Manhattan
3C88A9698A9E4C139,Audi,2020,Electric,A4,AWD Automatic,Coupe,Gray,4.9,78352,Chevrolet of Houston
3300F885ECFE45B78,Honda,2025,Diesel,Pilot,AWD Automatic,Sedan,Blue,3.4,77151,BMW of San Francisco
974972421671424DA,Toyota,2024,Electric,Camry,Automatic,SUV,White,4.1,54958,Tesla Store Los Angeles
6D879F6E7ADF42D08,Honda,2021,Hybrid,Accord,Manual,SUV,Gray,3.7,61875,Audi of Miami
714F098D29A0485B8,BMW,2025,Diesel,3 Series,Automatic,SUV,Red,4.9,57381,Toyota of Seattle
806D25F43EE94FDEB,Honda,2020,Hybrid,Civic,AWD Automatic,Hatchback,Blue,3.9,30819,Audi of Miami
0CB8F5D56CBE45128,Honda,2021,Gasoline,Civic,AWD Automatic,Hatchback,Onyx Black,3.8,45967,Tesla Store Los Angeles
C9B47CBF1F95454B8,Mercedes-Benz,2019,Diesel,GLC,Manual,Coupe,White,3.6,36192,Honda of Chicago
7CF9607EC07C49CAA,Ford,2025,Gasoline,Escape,Automatic,SUV,Green,4.2,42411,Audi of Miami
EEBE172F30414E7D9,Volvo,2021,Hybrid,XC90,Manual,Sedan,Blue,3.0,28594,Audi of Miami
28E70E585F5847ED8,Mercedes-Benz,2024,Diesel,GLC,Manual,Coupe,Onyx Black,3.6,69794,Audi of Miami
D2E4ECA041CB48059,Honda,2023,Hybrid,Pilot,Automatic,SUV,Gray,4.3,63107,Mercedes-Benz of Atlanta
03BCC0ADC2D6470BB,Mercedes-Benz,2024,Gasoline,E-Class,Automatic,Sedan,Gray,3.9,45268,Hyundai of Dallas
7A9DF88CA94245369,Honda,2019,Hybrid,Pilot,Manual,Sedan,Red,3.8,35543,Audi of Miami
F66636F6C5AF410FA,Toyota,2018,Gasoline,Corolla,Automatic,Sedan,Green,3.3,43315,Ford of Detroit
0EBFE4661F834EC9A,Mercedes-Benz,2024,Electric,E-Class,AWD Automatic,SUV,Onyx Black,3.1,20259,Chevrolet of Houston
93F07BF15D8D4782A,Hyundai,2021,Electric,Sonata,Manual,Coupe,Green,5.0,31985,Volvo Cars of Manhattan
2AF6F13898C4496F8,Toyota,2023,Diesel,RAV4,Manual,Sedan,White,4.1,76640,BMW of San Francisco
8194298CC2E34CA99,Mercedes-Benz,2024,Electric,GLC,Automatic,Sedan,Green,3.6,70895,Toyota of Seattle
972BB63836E548D1B,Ford,2022,Electric,Mustang,Automatic,Sedan,Green,4.2,68426,Audi of Miami
108E222790404786A,Hyundai,2021,Gasoline,Tucson,Manual,Coupe,Blue,3.7,50870,Volvo Cars of Manhattan
99E2DE169C8341329,Ford,2023,Hybrid,Mustang,Manual,Hatchback,Gray,4.2,53722,Toyota of Seattle
6479EE4CBDB945B58,Hyundai,2018,Hybrid,Sonata,Automatic,Truck,Red,4.9,75866,Audi of Miami
F91C48DC431741CCB,Toyota,2023,Diesel,Corolla,Automatic,Hatchback,Green,4.6,20783,Mercedes-Benz of Atlanta
5974F5D7F34D431FB,Mercedes-Benz,2023,Diesel,GLE,Automatic,Coupe,Onyx Black,3.0,21424,Tesla Store Los Angeles
883C96DFDA734C27B,Tesla,2023,Hybrid,Model Y,Automatic,Truck,White,4.9,54923,Honda of Chicago
EA4D38879C5644879,Hyundai,2018,Gasoline,Tucson,Automatic,SUV,Gray,4.1,66113,BMW of San Francisco
9D5B75BBC4D0423E9,Toyota,2024,Electric,Highlander,Automatic,Hatchback,Red,4.8,29054,Volvo Cars of Manhattan
DFD039C8A2754E14A,Honda,2022,Gasoline,Pilot,Manual,Hatchback,Red,3.9,61771,Chevrolet of Houston
742317E96DC7497CB,Audi,2020,Diesel,Q7,AWD Automatic,Hatchback,Gray,3.9,26903,Audi of Miami
86EB7A12F91B411A9,Audi,2024,Electric,Q7,AWD Automatic,Truck,Red,3.4,64301,BMW of San Francisco
75692D1A7BA8436EA,Chevrolet,2018,Electric,Malibu,Manual,SUV,Gray,4.0,56654,Volvo Cars of Manhattan
E44416E956734235A,Audi,2018,Gasoline,A4,Manual,SUV,Onyx Black,3.5,78094,Volvo Cars of Manhattan
393BC6CB4D244CD5A,Chevrolet,2022,Electric,Silverado,Automatic,Truck,Gray,4.8,58486,Toyota of Seattle
6FCC6C80B7604E3A9,Volvo,2024,Hybrid,V60,Manual,Coupe,White,3.5,23273,Chevrolet of Houston
023456D2B0224EA89,Mercedes-Benz,2020,Hybrid,E-Class,Manual,Hatchback,Red,3.8,74128,Toyota of Seattle
BF61294DF35E43ACA,Tesla,2021,Hybrid,Model 3,Automatic,Sedan,Green,3.9,70677,BMW of San Francisco
03877F38AB0B4A01B,Volvo,2023,Hybrid,XC60,Manual,Sedan,Gray,3.0,70375,Hyundai of Dallas
2DD26079F9D046C08,Chevrolet,2023,Diesel,Malibu,Automatic,SUV,White,3.4,59156,Mercedes-Benz of Atlanta
7BBD7C8BDDF540C39,Ford,2021,Diesel,F-150,AWD Automatic,Sedan,Red,3.7,33885,BMW of San Francisco
0C168732EE4B49028,Volvo,2025,Hybrid,S60,Automatic,Coupe,White,4.3,31700,Honda of Chicago
BB5A3D272093481AB,Ford,2023,Hybrid,Mustang,Automatic,Hatchback,Red,3.2,30050,Audi of Miami
8DA2F3E463354FB7B,Honda,2024,Diesel,Pilot,AWD Automatic,Sedan,Red,3.6,78281,Audi of Miami
D48C8D41B58C4F30B,Toyota,2021,Diesel,Highlander,Manual,Coupe,Red,3.4,38745,Chevrolet of Houston
1682394D65B3472A8,Hyundai,2022,Electric,Santa Fe,Manual,SUV,Blue,3.6,65553,BMW of San Francisco
87EEBD927E6542C29,Volvo,2021,Hybrid,S60,Manual,Hatchback,Green,3.9,31060,Hyundai of Dallas
1DBF497A4B454D228,Toyota,2020,Gasoline,Corolla,Manual,Coupe,Red,3.3,60314,Tesla Store Los Angeles
D8F783E4ADCA46ABB,Mercedes-Benz,2018,Hybrid,GLE,AWD Automatic,Truck,Silver,4.2,31909,Hyundai of Dallas
B0C40976412C4FCB9,Chevrolet,2018,Hybrid,Silverado,Automatic,Truck,Blue,4.1,71211,Toyota of Seattle
330257A3F4044E77B,Volvo,2025,Hybrid,V60,Manual,Coupe,Red,4.1,66968,Volvo Cars of Manhattan
0156DB3686714A31B,Tesla,2019,Diesel,Model X,Manual,Sedan,White,3.1,21681,Chevrolet of Houston
B0846F0A5B084E85B,Volvo,2021,Diesel,V60,Automatic,Coupe,Red,3.4,70552,Honda of Chicago
3E62A9D707274AD7B,Hyundai,2024,Electric,Santa Fe,Manual,Coupe,Silver,4.8,44719,Mercedes-Benz of Atlanta
44891D25F10B4116B,Toyota,2025,Diesel,Corolla,Automatic,Hatchback,Onyx Black,3.1,27603,Volvo Cars of Manhattan
9350BECBE78F40A0A,Tesla,2022,Hybrid,Model S,AWD Automatic,Hatchback,Blue,3.7,73069,Volvo Cars of Manhattan
493376277B0043B88,Audi,2022,Hybrid,Q7,Automatic,Hatchback,Onyx Black,4.4,38651,Audi of Miami
89B61336CD284AF2A,Tesla,2024,Diesel,Model X,AWD Automatic,Hatchback,White,4.9,70881,Ford of Detroit
A6BA2382EA3C45459,Hyundai,2025,Diesel,Tucson,Automatic,SUV,Gray,4.7,75086,Volvo Cars of Manhattan
CB60A5C962F443529,Hyundai,2025,Diesel,Santa Fe,Automatic,Coupe,Onyx Black,4.8,74969,Tesla Store Los Angeles
42D4F2FD1F99475A8,Honda,2018,Electric,Pilot,Automatic,Truck,Green,4.9,43977,Mercedes-Benz of Atlanta
23E85DEE200744A9A,Chevrolet,2023,Hybrid,Silverado,Automatic,Truck,Red,4.6,59431,Tesla Store Los Angeles
0FCFB316A8314AC1B,Ford,2025,Diesel,Mustang,Manual,Hatchback,Silver,4.1,39869,Ford of Detroit
9A99B6C808C5484BA,BMW,2025,Gasoline,X3,Manual,Truck,Gray,4.0,41219,Chevrolet of Houston
6901B4231EEA435E9,Ford,2020,Gasoline,Explorer,Automatic,SUV,Blue,4.9,35242,Ford of Detroit
F2E1D6213EFA46EC8,Toyota,2021,Hybrid,RAV4,AWD Automatic,Hatchback,Silver,5.0,27674,BMW of San Francisco
DAF9FBEBF52D4269A,Tesla,2021,Hybrid,Model Y,Manual,Truck,Blue,4.4,32633,BMW of San Francisco
BCB62A8C0CF84172A,Chevrolet,2024,Gasoline,Tahoe,Manual,Truck,Onyx Black,3.2,79953,Honda of Chicago
6456F67608AD4DA98,Ford,2022,Electric,Explorer,AWD Automatic,Sedan,Onyx Black,4.2,78280,Mercedes-Benz of Atlanta
3E644F6EB0354E91B,Toyota,2022,Gasoline,Corolla,Automatic,Truck,Red,4.4,20560,Hyundai of Dallas
E58DBA35CA114C7FA,Chevrolet,2022,Electric,Equinox,Manual,Hatchback,White,3.0,33689,Tesla Store Los Angeles
CEDAA8589A414B6BA,BMW,2019,Gasoline,X5,Manual,Hatchback,Blue,4.4,36805,Honda of Chicago
2FC946E9C2FC49A88,Ford,2024,Electric,F-150,Manual,Hatchback,Blue,3.4,26684,Audi of Miami
E3A49D99D15B49C49,Tesla,2018,Hybrid,Model Y,AWD Automatic,Hatchback,Onyx Black,3.9,38289,BMW of San Francisco
755C38F7E3C74979A,Chevrolet,2024,Hybrid,Equinox,Manual,Coupe,Blue,3.3,74449,Volvo Cars of Manhattan
5C09634D030E4E6EA,Volvo,2021,Electric,XC90,Manual,SUV,Green,4.1,48278,Mercedes-Benz of Atlanta
CA27996D45E14A9CB,Hyundai,2021,Electric,Elantra,Automatic,SUV,Green,4.9,78287,Ford of Detroit
4C23A2936F6F4CFD9,BMW,2025,Diesel,5 Series,Manual,SUV,Onyx Black,4.0,60469,Hyundai of Dallas
B60AAE455AEB4D618,Volvo,2023,Gasoline,V60,AWD Automatic,Coupe,Gray,3.8,44981,Tesla Store Los Angeles
A6845ABB56B94BE7A,Chevrolet,2021,Gasoline,Tahoe,Manual,Sedan,Red,4.7,54271,Tesla Store Los Angeles
B4E508F35F1F4DC5B,Volvo,2023,Hybrid,XC90,Manual,Truck,White,3.4,37346,Hyundai of Dallas
1E68FAFA45C14B838,Toyota,2025,Hybrid,Corolla,Automatic,Truck,Blue,4.6,50185,Honda of Chicago
F85D6BDEE23344509,Mercedes-Benz,2023,Hybrid,GLC,Automatic,Sedan,Blue,3.4,34139,Hyundai of Dallas
A5F7680F38B54CBDA,Audi,2019,Hybrid,A4,Automatic,Truck,White,4.8,20226,Honda of Chicago
615DA003BE5B4B13A,Mercedes-Benz,2023,Hybrid,GLE,AWD Automatic,Sedan,White,4.8,20297,Toyota of Seattle
819F0C0D13FA4E9F8,Toyota,2019,Diesel,Camry,Automatic,Truck,Onyx Black,3.4,28794,Mercedes-Benz of Atlanta
5FB6AD31A0DB48919,Audi,2019,Electric,Q5,Manual,Sedan,Onyx Black,4.4,40527,Mercedes-Benz of Atlanta
66E32344475A41939,Honda,2018,Gasoline,Accord,AWD Automatic,Hatchback,Blue,4.4,31374,Ford of Detroit
F2CBE65A483E4C2DB,Audi,2020,Electric,A4,Manual,Hatchback,Onyx Black,3.4,24587,Mercedes-Benz of Atlanta
02ADD29D1A864F72A,Toyota,2024,Hybrid,Corolla,AWD Automatic,SUV,White,4.7,64610,Audi of Miami
2868D3824DB34FFE9,Audi,2025,Diesel,A4,Manual,Truck,Green,4.4,65011,Hyundai of Dallas
5403AC0ACC0F41778,Tesla,2018,Hybrid,Model S,Manual,Coupe,Silver,3.6,61065,Honda of Chicago
F06DE83E9ED34B049,BMW,2023,Hybrid,X5,Manual,Sedan,Red,3.3,38270,Hyundai of Dallas
17FEF60D56F74F09B,Volvo,2024,Gasoline,XC60,Automatic,Truck,Green,3.1,52409,Volvo Cars of Manhattan
9EBBAA01CD14486D8,Audi,2019,Electric,Q5,Manual,Hatchback,White,3.1,25940,Honda of Chicago
ACB27A7CAC7B4B368,Hyundai,2018,Hybrid,Elantra,Automatic,SUV,White,4.6,39212,BMW of San Francisco
73DC118DE680475FA,Toyota,2024,Hybrid,Camry,AWD Automatic,Sedan,Green,4.9,28566,Audi of Miami
9ABBB46007AB4435A,Mercedes-Benz,2021,Diesel,C-Class,AWD Automatic,SUV,Red,5.0,47257,Audi of Miami
9EBEB32F61CD4562A,Honda,2022,Gasoline,Civic,AWD Automatic,SUV,White,3.4,34233,Volvo Cars of Manhattan
8430B0FCA79F40C8A,Mercedes-Benz,2022,Hybrid,C-Class,Manual,Hatchback,Blue,3.3,54988,Toyota of Seattle
FD989D26992842C9A,BMW,2019,Hybrid,5 Series,Manual,Hatchback,Onyx Black,4.0,35161,Audi of Miami
485C58D3118A4A04B,Toyota,2023,Diesel,Highlander,Manual,Truck,Green,4.5,29916,Audi of Miami
CEC1FB16A4154672B,Hyundai,2025,Electric,Tucson,Manual,Truck,Green,4.6,50932,Ford of Detroit
D641B35B45FE4B3E9,Toyota,2020,Hybrid,RAV4,AWD Automatic,SUV,Silver,3.7,63610,Toyota of Seattle
C9408E54DBB348148,Honda,2021,Diesel,Pilot,Automatic,Sedan,Silver,3.5,76520,Hyundai of Dallas
08E39F1C4CBA4B73A,Audi,2021,Hybrid,Q5,Automatic,Truck,Silver,3.5,43937,Mercedes-Benz of Atlanta
528318A24FEE4D748,Toyota,2025,Hybrid,Corolla,AWD Automatic,Sedan,Onyx Black,3.8,20456,Chevrolet of Houston
BA96D3B5E9964CEAB,Audi,2022,Gasoline,Q5,Manual,Hatchback,Onyx Black,3.6,51293,Toyota of Seattle
3AC92285F08444489,Hyundai,2020,Diesel,Tucson,Manual,Sedan,White,4.2,21374,BMW of San Francisco
27AE5AC5A0AD40E3B,Volvo,2022,Diesel,S60,Manual,Sedan,Red,4.6,73286,Hyundai of Dallas
D5E70BA8758340FDB,Toyota,2018,Electric,Highlander,Automatic,Hatchback,Red,3.2,78496,Hyundai of Dallas
87EF5308E878409A8,Honda,2023,Electric,Accord,Automatic,Truck,Blue,3.1,55312,Hyundai of Dallas
7A9CB5AEFFEB4DBDB,Honda,2023,Gasoline,Accord,AWD Automatic,Coupe,Blue,4.0,74866,Tesla Store Los Angeles
986E8786A923401BB,Mercedes-Benz,2019,Hybrid,GLE,AWD Automatic,Truck,Blue,3.3,78068,Audi of Miami
6C93247844BD4437B,BMW,2024,Gasoline,X5,Automatic,Coupe,Green,4.0,64281,Audi of Miami
9B43DCA60C524B6AA,Hyundai,2024,Electric,Tucson,AWD Automatic,Truck,Onyx Black,3.5,58214,Tesla Store Los Angeles
42DDBAC39DE64AE1A,Toyota,2023,Electric,Camry,Automatic,SUV,Onyx Black,4.7,41357,Honda of Chicago
28F092EE55494C879,Toyota,2021,Diesel,Corolla,Automatic,Hatchback,Red,3.0,77414,Tesla Store Los Angeles
BE1E913B20444896B,Volvo,2023,Gasoline,XC60,AWD Automatic,Truck,Onyx Black,4.7,77256,Chevrolet of Houston
9C8C641F8A0D4E2DB,Toyota,2025,Hybrid,Camry,Automatic,SUV,White,3.5,74154,Honda of Chicago
0A22932CC94748EEA,Honda,2018,Electric,CR-V,AWD Automatic,Truck,Green,4.3,46130,Toyota of Seattle
10868A3DEFFD46499,Ford,2018,Hybrid,Mustang,AWD Automatic,SUV,Silver,4.5,70283,Mercedes-Benz of Atlanta
49D4AEDD562A48229,Audi,2019,Diesel,Q5,Automatic,Hatchback,Blue,3.9,33049,Ford of Detroit
3F66C843229B42A99,Volvo,2025,Electric,V60,Automatic,Truck,Blue,3.7,69153,BMW of San Francisco
F8BCA7B5C70844F29,Ford,2022,Diesel,Escape,AWD Automatic,Truck,Silver,4.2,34917,Honda of Chicago
CC6AB8B8DCCA43C0A,Audi,2025,Hybrid,A6,AWD Automatic,Sedan,Red,3.5,37299,BMW of San Francisco
2BC2A0F2920D4A67B,Audi,2023,Electric,Q5,AWD Automatic,SUV,Green,4.9,45016,Mercedes-Benz of Atlanta
AC94A8D2AFB748379,Mercedes-Benz,2019,Diesel,GLE,Manual,Sedan,Blue,4.2,55565,Toyota of Seattle
896B600EAEDF4A03A,Tesla,2019,Diesel,Model Y,Automatic,Coupe,Red,4.5,78749,Toyota of Seattle
CB7D4361CA0D4AD89,Audi,2019,Electric,A4,Manual,Coupe,Onyx Black,3.1,60021,Toyota of Seattle
4F17A57E09144552A,Chevrolet,2018,Electric,Equinox,Manual,Hatchback,Silver,4.1,25620,Audi of Miami
8B957099918B4197A,Toyota,2024,Diesel,RAV4,Manual,Sedan,Silver,4.9,55585,Hyundai of Dallas
12AF2B7086384CFE8,Audi,2018,Gasoline,Q7,AWD Automatic,Sedan,White,4.6,55897,Mercedes-Benz of Atlanta
9BD56F56AF6042229,BMW,2018,Hybrid,3 Series,AWD Automatic,Hatchback,Silver,3.5,41087,Mercedes-Benz of Atlanta
24A7B82EF3514AE7B,Audi,2025,Hybrid,Q5,Automatic,Sedan,White,3.1,35176,Audi of Miami
256973A0455940AD9,Chevrolet,2022,Diesel,Malibu,Automatic,Hatchback,White,4.4,78818,Audi of Miami
CF0DDF1A28564AC28,Ford,2021,Hybrid,F-150,Manual,Coupe,Silver,4.4,56370,BMW of San Francisco
B930A5BE46D348C48,Mercedes-Benz,2020,Hybrid,GLE,AWD Automatic,Coupe,Gray,3.7,48295,Audi of Miami
885BC523C0BD4AEA8,Honda,2020,Hybrid,Pilot,Manual,SUV,Green,4.6,29405,Mercedes-Benz of Atlanta
CF40F61B7D874EF08,Honda,2023,Diesel,Accord,Automatic,Coupe,Blue,4.6,79095,Mercedes-Benz of Atlanta
777B0664BA9F494DA,Chevrolet,2023,Diesel,Equinox,Manual,Truck,Gray,3.3,33887,BMW of San Francisco
9C5204B697B244589,Toyota,2018,Hybrid,Corolla,Automatic,Coupe,Gray,4.8,71128,Toyota of Seattle
BB2625735E4F42F9A,Audi,2019,Electric,Q7,Automatic,Truck,White,3.1,50542,Chevrolet of Houston
834367CBC84440E4A,Audi,2018,Gasoline,Q5,Manual,Coupe,Green,4.8,38838,Ford of Detroit
C3BC7A6D708649859,Hyundai,2020,Gasoline,Tucson,AWD Automatic,Truck,Blue,3.2,59842,Audi of Miami
9A38A43E145643F0B,Honda,2018,Electric,Pilot,Manual,Hatchback,Red,3.7,26663,Mercedes-Benz of Atlanta
46B0F76B6B3F4714B,Mercedes-Benz,2023,Hybrid,GLE,AWD Automatic,Sedan,Silver,3.3,62249,Honda of Chicago
5C0804D98FC24AECB,Audi,2018,Hybrid,A6,Automatic,Sedan,White,3.8,22518,Toyota of Seattle
521C144D11514D92A,Tesla,2020,Gasoline,Model S,Manual,SUV,Gray,4.7,35473,Toyota of Seattle
6991E078DB7843909,Tesla,2018,Gasoline,Model X,AWD Automatic,SUV,Red,3.6,43077,BMW of San Francisco
1314343FC8034A798,Ford,2018,Diesel,Mustang,Manual,SUV,Red,4.0,75752,BMW of San Francisco
072826C43768442D8,Volvo,2024,Diesel,V60,Manual,SUV,White,3.9,77035,Chevrolet of Houston
EB64939DA75342A08,Tesla,2021,Hybrid,Model X,AWD Automatic,Sedan,Red,3.1,23825,Volvo Cars of Manhattan
F9A72C62676C49069,Toyota,2023,Hybrid,Camry,Automatic,Truck,Gray,3.2,34110,Tesla Store Los Angeles
2C57AF2039904B889,Honda,2022,Diesel,CR-V,Manual,SUV,Gray,3.8,46308,Mercedes-Benz of Atlanta
FC626A7748BF42ABB,Ford,2023,Gasoline,Escape,Automatic,SUV,Green,4.8,37672,Honda of Chicago
0DC6D7A235CC41CBB,Audi,2022,Diesel,A4,AWD Automatic,Truck,White,4.0,56664,Toyota of Seattle
02B08630E4F0444AA,Audi,2020,Electric,Q5,Manual,Coupe,Red,4.2,26221,BMW of San Francisco
D8CC4194275B4867B,Tesla,2020,Diesel,Model X,Manual,SUV,Gray,4.0,35661,Hyundai of Dallas
8A81B15ECD234466A,Ford,2022,Gasoline,Explorer,Automatic,Sedan,White,5.0,35130,Volvo Cars of Manhattan
52EB1A257B884D4A9,Chevrolet,2024,Hybrid,Equinox,AWD Automatic,SUV,Red,3.3,38425,Volvo Cars of Manhattan
FF48209E44154035B,Hyundai,2023,Diesel,Tucson,Manual,Sedan,Onyx Black,4.1,24237,Tesla Store Los Angeles
734DF246D6CC45378,Chevrolet,2022,Hybrid,Malibu,Manual,Truck,Onyx Black,4.9,65370,Mercedes-Benz of Atlanta
1B26B952385545FFA,Hyundai,2019,Electric,Tucson,AWD Automatic,Truck,Silver,4.9,20866,BMW of San Francisco
973094E00E0C4E21A,Toyota,2021,Hybrid,Camry,Manual,Coupe,Blue,4.7,61864,Honda of Chicago
EE6923A7EBAD413AB,Ford,2024,Diesel,F-150,AWD Automatic,Hatchback,Silver,4.0,50221,Volvo Cars of Manhattan
4A3DA18784E84BCE8,Tesla,2020,Hybrid,Model 3,Manual,Truck,Gray,3.6,51305,Audi of Miami
4A3CDB9A6D2C4F77B,Honda,2020,Diesel,CR-V,AWD Automatic,Sedan,White,4.1,44019,Ford of Detroit
9EED48263B414FFAB,Toyota,2024,Hybrid,RAV4,AWD Automatic,Hatchback,White,4.4,25297,Mercedes-Benz of Atlanta
2E313998C3F24451B,Toyota,2025,Electric,RAV4,Automatic,Hatchback,White,3.9,79268,Audi of Miami
0006B901620143FF8,Chevrolet,2023,Diesel,Equinox,Manual,Sedan,Red,3.5,56112,Audi of Miami
23B6A345A7264DC0B,BMW,2018,Diesel,X5,Automatic,Coupe,Green,3.2,46793,Tesla Store Los Angeles
54740297176D4070B,Hyundai,2023,Gasoline,Elantra,Manual,Truck,Silver,3.1,74851,Mercedes-Benz of Atlanta
75AA240341994DBB8,Ford,2020,Gasoline,Escape,Automatic,Coupe,Blue,3.6,66265,Tesla Store Los Angeles
9B32B79DB2FE4DF49,Chevrolet,2019,Hybrid,Silverado,Manual,Truck,Silver,3.8,24036,BMW of San Francisco
DADD80DA75CA44109,BMW,2018,Electric,X5,Automatic,Truck,Gray,5.0,26609,Honda of Chicago
9D5BF54421034746B,Mercedes-Benz,2024,Hybrid,GLC,Automatic,Coupe,Silver,4.1,34678,Volvo Cars of Manhattan
7DBF215138C947E5B,BMW,2023,Diesel,X5,Manual,Coupe,Onyx Black,3.8,65471,Audi of Miami
043660944E364BE59,Chevrolet,2024,Diesel,Tahoe,Automatic,Sedan,Onyx Black,3.6,31433,Chevrolet of Houston
AA401B33887B4981A,Tesla,2025,Electric,Model Y,Automatic,Sedan,Silver,3.2,24835,BMW of San Francisco
C09A0D95F35D45D69,BMW,2024,Hybrid,X3,Automatic,Hatchback,Blue,4.4,20813,Ford of Detroit
0977C111A8BD4D74B,Toyota,2024,Gasoline,Highlander,Automatic,SUV,Silver,3.3,79496,Ford of Detroit
4362A84D82F44DCAB,Hyundai,2018,Diesel,Tucson,AWD Automatic,Hatchback,Green,4.2,54509,Tesla Store Los Angeles
E52A02D5F4B849159,Ford,2023,Electric,Escape,AWD Automatic,Sedan,Green,3.9,28979,Hyundai of Dallas
5DB6EECF6C8F41F0A,Chevrolet,2020,Gasoline,Malibu,Manual,Hatchback,White,4.8,24137,Audi of Miami
511D331C597B4722B,BMW,2025,Hybrid,5 Series,Automatic,Coupe,Red,4.2,22093,Audi of Miami
93A0F8C8C83640DEB,Honda,2023,Electric,Pilot,Manual,Sedan,Gray,4.4,23850,Hyundai of Dallas
1CA4C1EB05264C39A,Ford,2020,Gasoline,F-150,Manual,Hatchback,Gray,4.0,65706,Toyota of Seattle
9DC143B1DAA549D48,Toyota,2020,Gasoline,Camry,AWD Automatic,Sedan,Silver,3.3,27355,Volvo Cars of Manhattan
F5B934E9584D49469,Tesla,2019,Diesel,Model S,Manual,Truck,Green,4.4,25312,Toyota of Seattle
71AA5B1E2B4B487FA,Chevrolet,2019,Gasoline,Tahoe,Automatic,Hatchback,White,3.1,20571,Toyota of Seattle
5CB35EE176974EC28,Chevrolet,2018,Diesel,Equinox,Manual,Hatchback,Blue,4.0,54167,Chevrolet of Houston
5813E56B8BF240D29,Audi,2023,Gasoline,Q5,AWD Automatic,SUV,White,3.5,24794,Mercedes-Benz of Atlanta
73C9FC48B8264290A,Toyota,2025,Diesel,Highlander,Automatic,Sedan,Silver,4.5,53844,BMW of San Francisco
3688CDC73E6242A4B,Tesla,2021,Hybrid,Model S,AWD Automatic,Coupe,Silver,4.6,64828,Audi of Miami
16A2EB17FE974D4A8,Toyota,2023,Hybrid,Highlander,Manual,Coupe,Red,4.2,76859,Ford of Detroit
6FF740026A0B4BACA,Mercedes-Benz,2019,Gasoline,GLC,Automatic,Sedan,White,4.1,39965,Audi of Miami
F49907D9D5394553B,Audi,2023,Gasoline,A4,AWD Automatic,Hatchback,Blue,3.2,53819,Audi of Miami
4608D896DF8C4A3C8,Honda,2020,Electric,CR-V,Automatic,Coupe,Gray,4.5,67974,Mercedes-Benz of Atlanta
E2AF076504054B228,Ford,2020,Gasoline,Explorer,Manual,Hatchback,Gray,4.9,34451,Hyundai of Dallas
23FD34D0DA9E4A099,Ford,2025,Electric,Mustang,AWD Automatic,SUV,Silver,3.0,60492,Chevrolet of Houston
C682B4CF2B254A7FA,Mercedes-Benz,2022,Hybrid,GLC,Automatic,Sedan,White,3.2,50393,Honda of Chicago
0CEB1E591B174639B,Audi,2018,Diesel,Q7,Automatic,Sedan,Gray,4.3,49265,BMW of San Francisco
43939FF9D4594EC19,Chevrolet,2018,Electric,Equinox,AWD Automatic,Hatchback,Red,4.0,36335,Ford of Detroit
DFFDCA5CB10041F6A,Honda,2018,Diesel,CR-V,AWD Automatic,Truck,Silver,3.6,34656,Honda of Chicago
692E3D01497C44C18,Toyota,2023,Gasoline,Highlander,Automatic,Hatchback,Green,3.2,32880,Honda of Chicago
B9BF6C926B7347D19,Chevrolet,2020,Diesel,Malibu,Automatic,Coupe,Gray,3.5,69979,Ford of Detroit
41E03F3FFF3846A18,Chevrolet,2022,Diesel,Silverado,AWD Automatic,SUV,Red,4.9,48365,Ford of Detroit
952DE51A65C64C039,Audi,2020,Diesel,Q5,Manual,SUV,White,4.6,67685,Hyundai of Dallas
CE5C47B205174598B,Toyota,2020,Gasoline,Camry,AWD Automatic,Truck,Silver,3.1,69842,Ford of Detroit
7428241F2AA248C1B,Tesla,2025,Electric,Model 3,Manual,Truck,Red,3.3,37223,Tesla Store Los Angeles
482E0613C87648459,Audi,2021,Electric,A4,Manual,Sedan,Red,3.9,68702,Tesla Store Los Angeles
D4D45E06C16543179,BMW,2019,Gasoline,5 Series,Automatic,SUV,Silver,3.7,68200,Ford of Detroit
5A9F359CA8664C599,Hyundai,2019,Gasoline,Santa Fe,AWD Automatic,Sedan,Silver,4.4,23399,Ford of Detroit
7D4F75E7945C4D5C9,Volvo,2025,Diesel,V60,Automatic,Coupe,Gray,4.2,56307,Honda of Chicago
14CBAF8F24334109B,BMW,2022,Electric,3 Series,AWD Automatic,SUV,Gray,3.7,53853,Volvo Cars of Manhattan
3523E762D4EF4376A,Tesla,2021,Diesel,Model Y,Manual,Hatchback,Blue,3.5,62814,Audi of Miami
538A0EC040734DBC9,Volvo,2022,Electric,V60,AWD Automatic,SUV,Blue,4.7,61382,Toyota of Seattle
EB52008FCB2C4F138,Honda,2025,Hybrid,Pilot,Manual,Coupe,Gray,4.9,62618,Volvo Cars of Manhattan
79074A0DDE0F4F718,Ford,2024,Electric,Escape,AWD Automatic,Truck,Blue,4.3,25579,Toyota of Seattle
117AB7EF11DF4151B,Honda,2019,Hybrid,CR-V,Automatic,Sedan,Blue,4.4,73080,Tesla Store Los Angeles
49A05AC3F95744A08,Hyundai,2022,Diesel,Tucson,AWD Automatic,Coupe,Blue,3.7,74939,Honda of Chicago
8DA895C47F0F47ED9,Ford,2024,Hybrid,Mustang,AWD Automatic,Sedan,Silver,3.6,74209,Toyota of Seattle
BC55284C60234982B,Volvo,2019,Hybrid,S60,Manual,SUV,Gray,4.6,63167,Honda of Chicago
AA43885A3D7B4A959,Honda,2020,Gasoline,Accord,Manual,Sedan,Onyx Black,4.2,45977,Ford of Detroit
38453498198B4ABB9,Tesla,2020,Electric,Model Y,Manual,Hatchback,White,3.4,61581,Audi of Miami
EDC1452A2BAB41198,Toyota,2023,Electric,Camry,Manual,SUV,Red,5.0,51682,Tesla Store Los Angeles
5D0D7FC6C20C42F99,BMW,2018,Diesel,X3,Automatic,Truck,Red,4.3,61504,Chevrolet of Houston
CAACF3EB89C14A64A,Chevrolet,2020,Gasoline,Tahoe,Manual,Hatchback,Green,4.0,53755,Toyota of Seattle
0313E335705942E28,Toyota,2019,Gasoline,Highlander,Manual,Sedan,Green,3.9,64324,Volvo Cars of Manhattan
BFA427E4A57640CDA,Ford,2020,Electric,F-150,AWD Automatic,Sedan,Silver,3.5,79904,Volvo Cars of Manhattan
E637FC126D7C48D3B,Tesla,2022,Electric,Model 3,Automatic,Truck,Blue,4.9,72507,Ford of Detroit
2EDAF4D7259B46818,Volvo,2022,Diesel,XC90,Manual,Hatchback,Gray,3.9,36663,Mercedes-Benz of Atlanta
4303FD1DDD774C9D9,Ford,2024,Electric,Escape,Manual,Truck,White,3.5,59624,Chevrolet of Houston
66D73D9513FD4A628,BMW,2018,Electric,X5,AWD Automatic,Hatchback,Blue,4.6,49351,Tesla Store Los Angeles
66E0A79BAA5C4970A,Volvo,2024,Hybrid,XC90,Automatic,SUV,Green,3.9,74418,Mercedes-Benz of Atlanta
699EF0F7C58B465E9,Toyota,2025,Diesel,Corolla,AWD Automatic,SUV,Gray,3.8,62584,Chevrolet of Houston
CABD7A9454FF450A9,Chevrolet,2018,Electric,Malibu,Automatic,SUV,Blue,4.3,33402,Hyundai of Dallas
4F0C8EC434C6488E9,Mercedes-Benz,2022,Hybrid,GLC,Automatic,SUV,Green,4.7,40453,Hyundai of Dallas
41E3DCC2052749478,Chevrolet,2024,Diesel,Malibu,Automatic,Truck,White,3.5,52403,Mercedes-Benz of Atlanta
9E804B0A112142779,Mercedes-Benz,2024,Diesel,GLE,AWD Automatic,Hatchback,Blue,3.5,57888,BMW of San Francisco
E8BB7DCD15554550B,Mercedes-Benz,2022,Electric,E-Class,Automatic,SUV,White,4.2,68265,Volvo Cars of Manhattan
C12D475A42C94B94A,Ford,2018,Gasoline,Escape,AWD Automatic,Truck,Blue,4.4,67275,Toyota of Seattle
3FEBA6646FBF45C9B,Toyota,2019,Diesel,Corolla,AWD Automatic,Coupe,Onyx Black,4.9,71216,Chevrolet of Houston
CDEA1C1D9F2C4FA49,Audi,2023,Diesel,A6,Automatic,Hatchback,Blue,5.0,22104,Toyota of Seattle
59D27C0C29D94E478,Toyota,2022,Electric,Corolla,AWD Automatic,Coupe,Silver,3.2,64768,Mercedes-Benz of Atlanta
2B111F7C9E41434BA,Mercedes-Benz,2022,Hybrid,C-Class,AWD Automatic,Sedan,Blue,3.7,38082,Chevrolet of Houston
29826524B0924B488,Tesla,2025,Gasoline,Model X,AWD Automatic,SUV,Onyx Black,3.4,71663,Toyota of Seattle
830A3E227817458F8,Volvo,2019,Hybrid,S60,AWD Automatic,Sedan,Blue,3.6,63446,Audi of Miami
C24525C09AEA4081B,Honda,2020,Hybrid,Civic,AWD Automatic,Sedan,Blue,4.1,31506,Toyota of Seattle
05B89DD3C82D4CEDB,Toyota,2020,Electric,RAV4,AWD Automatic,Truck,White,3.2,53937,Ford of Detroit
94055C7E961644E48,Honda,2018,Electric,Pilot,Manual,Truck,White,4.1,75285,Mercedes-Benz of Atlanta
4DD4D23C70034266A,Volvo,2018,Gasoline,S60,AWD Automatic,SUV,Blue,3.3,42664,Audi of Miami
8E6F501066D648BA8,Tesla,2024,Hybrid,Model X,AWD Automatic,Truck,Gray,4.5,54531,Toyota of Seattle
F806373729BE419EA,Ford,2019,Diesel,Escape,AWD Automatic,SUV,Green,3.6,65053,Audi of Miami
FC0B3B1FC40A4CA6A,Chevrolet,2021,Electric,Equinox,AWD Automatic,Truck,Green,3.5,69331,Tesla Store Los Angeles
AC3FD5F594C44ECCB,Ford,2020,Gasoline,Explorer,Automatic,Truck,White,3.3,46132,Hyundai of Dallas
D999EA3563E84310B,Audi,2020,Hybrid,A4,Automatic,Coupe,White,3.2,73080,Honda of Chicago
DE3CDDB27FCA49069,Honda,2018,Hybrid,Civic,Automatic,Sedan,White,4.6,75929,Tesla Store Los Angeles
AF293B10FEB444CCB,Ford,2019,Hybrid,Mustang,Manual,Coupe,Gray,4.3,75776,BMW of San Francisco
DE6AE2AA70ED4F6A9,Honda,2021,Hybrid,Civic,Manual,Hatchback,Blue,4.6,69024,Mercedes-Benz of Atlanta
B7BB5CDA24E3442EB,Ford,2020,Electric,Explorer,Manual,Sedan,Silver,4.5,73836,Volvo Cars of Manhattan
0F73EAE1F78644A49,Ford,2021,Gasoline,F-150,Manual,Sedan,Green,5.0,48844,Audi of Miami
EF1EB3AA41814AD38,Volvo,2022,Hybrid,XC60,Manual,Coupe,Blue,4.8,37820,BMW of San Francisco
AD71DD507E314D2AB,Tesla,2021,Hybrid,Model Y,AWD Automatic,SUV,Onyx Black,3.8,66013,Audi of Miami
9241589372B242D3A,BMW,2021,Electric,3 Series,Manual,Sedan,Blue,4.0,51535,BMW of San Francisco
E92E3AA0E41A42F8A,Honda,2025,Gasoline,CR-V,Manual,SUV,Blue,4.8,27342,Hyundai of Dallas
607B266B22A4416F8,Honda,2019,Electric,Accord,AWD Automatic,Hatchback,Silver,4.5,75480,Hyundai of Dallas
48F4895DD00D46769,Chevrolet,2025,Electric,Tahoe,AWD Automatic,Sedan,Onyx Black,4.1,51847,Volvo Cars of Manhattan
A59B6A878F53402D8,Mercedes-Benz,2019,Diesel,C-Class,AWD Automatic,SUV,Gray,4.3,43551,Hyundai of Dallas
7C31342F1A614F448,Hyundai,2020,Hybrid,Tucson,Automatic,Sedan,Blue,3.2,60852,Honda of Chicago
6BA78237AF184DAE8,BMW,2024,Electric,X3,Automatic,Coupe,Gray,3.1,78343,Audi of Miami
A238C94CC8C6450BB,Chevrolet,2025,Diesel,Malibu,Automatic,SUV,White,3.6,69844,Audi of Miami
A2D227CFF4584540A,Hyundai,2019,Electric,Sonata,Manual,SUV,Gray,4.1,51514,Ford of Detroit
5923A2022FAA4C709,Chevrolet,2020,Gasoline,Silverado,Manual,Coupe,White,5.0,69383,Chevrolet of Houston
39EF3DD0E594416AA,Toyota,2025,Hybrid,Corolla,Automatic,Sedan,Onyx Black,3.3,74156,Hyundai of Dallas
F0180DBB882649DFA,Mercedes-Benz,2021,Hybrid,E-Class,Manual,Sedan,Green,4.6,27268,Toyota of Seattle
B70F7394B0CE425CB,Toyota,2025,Gasoline,RAV4,Automatic,Truck,Gray,4.3,28937,Hyundai of Dallas
8943AE2C25E94759A,BMW,2022,Hybrid,X3,AWD Automatic,Coupe,Onyx Black,3.7,27175,Mercedes-Benz of Atlanta
33B44FD6302047EAA,Chevrolet,2022,Hybrid,Silverado,AWD Automatic,SUV,Silver,3.5,70993,Ford of Detroit
C30FF7F64DC34AD48,Hyundai,2025,Hybrid,Sonata,AWD Automatic,Sedan,Green,3.6,38549,Mercedes-Benz of Atlanta
242B90BA4A0E4F819,Hyundai,2025,Diesel,Elantra,Automatic,SUV,Silver,3.5,31440,Audi of Miami
2AFE650270C9445BB,Tesla,2021,Gasoline,Model X,Manual,Sedan,Onyx Black,4.9,52871,Mercedes-Benz of Atlanta
81275D1264B34CDCB,Volvo,2025,Diesel,XC90,AWD Automatic,Truck,Silver,3.0,20614,Honda of Chicago
297DCB39AE70486CB,Hyundai,2019,Diesel,Elantra,Automatic,Hatchback,Silver,3.2,76355,Ford of Detroit
B25C38792B8944DD8,Tesla,2021,Gasoline,Model X,Automatic,Coupe,Onyx Black,4.0,58944,Mercedes-Benz of Atlanta
A82E77113D9540538,Volvo,2019,Hybrid,V60,Manual,Coupe,Red,3.9,72719,Audi of Miami
510886C751894AF1A,Hyundai,2021,Gasoline,Santa Fe,Automatic,Truck,White,3.2,64744,Chevrolet of Houston
B543B649FCB04FE69,BMW,2020,Hybrid,3 Series,Automatic,Coupe,Red,3.2,27408,Ford of Detroit
6569A3F7D5134BF28,BMW,2020,Electric,3 Series,Automatic,Sedan,Red,4.0,45608,Ford of Detroit
9184565527484994A,Chevrolet,2020,Hybrid,Equinox,Manual,Coupe,Blue,4.8,51448,Audi of Miami
66C54C1216F147E18,Chevrolet,2025,Electric,Tahoe,AWD Automatic,SUV,Silver,4.9,33023,Tesla Store Los Angeles
F96F3EDBDA6E4D708,Mercedes-Benz,2024,Electric,E-Class,AWD Automatic,Truck,Silver,3.0,43869,Chevrolet of Houston
BEA592E4EF094121A,Volvo,2021,Electric,V60,Automatic,Coupe,Silver,4.5,36866,Ford of Detroit
D0042DDCC3204CBB8,Chevrolet,2019,Gasoline,Malibu,Automatic,Hatchback,Silver,4.9,39082,Honda of Chicago
9409A5FA8DBA4BDA9,Honda,2020,Diesel,Pilot,Manual,Hatchback,Silver,3.4,22145,Honda of Chicago
E1C8D28239A94B31A,Chevrolet,2020,Gasoline,Malibu,Automatic,SUV,Onyx Black,3.5,53106,Volvo Cars of Manhattan
58CDC01D9FD0471A8,Mercedes-Benz,2018,Hybrid,C-Class,Automatic,Sedan,Blue,4.9,50955,Volvo Cars of Manhattan
9F7C3F91DCDA4426A,Tesla,2021,Diesel,Model S,Automatic,Sedan,Blue,4.6,59903,Volvo Cars of Manhattan
D9BB4641C0EC42738,Toyota,2022,Diesel,Corolla,Automatic,Sedan,Silver,3.2,43013,Audi of Miami
0801B4F8BD0040208,Volvo,2024,Gasoline,S60,AWD Automatic,Hatchback,Gray,4.2,37498,Volvo Cars of Manhattan
E0AD7F70680546D99,Toyota,2023,Diesel,Corolla,Automatic,Truck,Gray,4.5,39951,Tesla Store Los Angeles
6403F6D4FA0343518,Volvo,2025,Hybrid,XC60,Automatic,Truck,Blue,4.2,64001,Honda of Chicago
CD1D15EC8B8D4040B,Ford,2022,Electric,Mustang,Automatic,Sedan,Red,3.9,48569,Honda of Chicago
7E978173E59A4284A,Honda,2023,Gasoline,Accord,AWD Automatic,Truck,White,4.6,29646,Audi of Miami
E62195CB40364F2B9,Tesla,2018,Hybrid,Model 3,AWD Automatic,Hatchback,White,3.6,33354,Chevrolet of Houston
F1E35E91AB8F4D9F9,Ford,2021,Hybrid,Escape,Manual,Sedan,Silver,4.0,43603,Ford of Detroit
5BFB60E623E845A09,Chevrolet,2024,Diesel,Malibu,AWD Automatic,Truck,Red,4.9,27628,Tesla Store Los Angeles
1DC15F5969CE48DD8,Hyundai,2020,Diesel,Tucson,AWD Automatic,Coupe,Green,4.1,55776,Audi of Miami
297B58E5E5FA417FB,Hyundai,2024,Electric,Santa Fe,Manual,Hatchback,Red,4.0,55355,Tesla Store Los Angeles
3E83F1405C8E4F7A8,Toyota,2019,Electric,Corolla,Manual,Sedan,Onyx Black,3.6,47077,Tesla Store Los Angeles
B3BDACA29FC84DE68,Audi,2023,Electric,Q5,Manual,Coupe,White,4.1,52970,Hyundai of Dallas
4132965C7E894906B,Toyota,2021,Hybrid,Corolla,AWD Automatic,Truck,Silver,3.1,22771,Ford of Detroit
2A0B883ABA46489CB,Tesla,2025,Electric,Model Y,Automatic,Hatchback,Blue,4.4,69717,Chevrolet of Houston
D144E7F6193E4EB18,Audi,2023,Gasoline,A6,AWD Automatic,Truck,Red,3.8,47183,Ford of Detroit
ADD3D74F6FC446D29,Hyundai,2021,Hybrid,Santa Fe,Automatic,Hatchback,Red,4.1,54594,Chevrolet of Houston
8DE4BF87943F46258,BMW,2021,Electric,5 Series,Automatic,Sedan,Red,4.6,54080,Honda of Chicago
BFD47575173E42348,Volvo,2025,Electric,XC90,AWD Automatic,Truck,White,4.1,65161,Hyundai of Dallas
CE6DA659DEF84E939,Tesla,2022,Gasoline,Model Y,Automatic,SUV,Green,3.3,39171,Tesla Store Los Angeles
671BF99D820F4F05B,Honda,2021,Hybrid,Civic,AWD Automatic,Truck,Green,4.2,69619,Honda of Chicago
95042FFFF98B41898,Volvo,2024,Electric,XC90,Manual,Hatchback,Blue,4.3,21072,Toyota of Seattle
7135D8E2C6F2422D9,Ford,2020,Diesel,Escape,AWD Automatic,SUV,Red,4.0,37040,Hyundai of Dallas
9920F091BCBB47C19,Hyundai,2019,Gasoline,Santa Fe,AWD Automatic,Truck,Blue,4.4,51558,Hyundai of Dallas
D563965E96FD479AB,Honda,2022,Electric,Pilot,AWD Automatic,SUV,Green,3.9,62311,Audi of Miami
C2535117A2B3482EA,Audi,2018,Gasoline,A4,Automatic,Hatchback,Silver,4.6,59371,Tesla Store Los Angeles
759DE92DF3574F94B,Audi,2018,Electric,Q7,Manual,Truck,White,4.4,77915,Ford of Detroit
F1D844B8619443138,BMW,2020,Electric,X5,Manual,SUV,Red,4.9,65974,Tesla Store Los Angeles
39A7DE3E8978454E8,Chevrolet,2021,Hybrid,Malibu,Automatic,Truck,White,3.7,37293,Mercedes-Benz of Atlanta
47B821FA06D44280A,BMW,2022,Electric,X5,Automatic,Sedan,White,3.0,71846,Tesla Store Los Angeles
E785A20DD88C4D6F9,Mercedes-Benz,2019,Electric,E-Class,AWD Automatic,Sedan,Gray,4.4,31230,Chevrolet of Houston
42D308D9AF6B437A9,BMW,2025,Diesel,X5,AWD Automatic,SUV,Silver,3.6,49281,Volvo Cars of Manhattan
2B8B0C4F61604A128,Mercedes-Benz,2018,Gasoline,C-Class,AWD Automatic,Hatchback,Gray,3.9,58099,Volvo Cars of Manhattan
A7C4A6C1C77B4BC9B,BMW,2023,Electric,3 Series,Automatic,Hatchback,Gray,4.1,41147,Mercedes-Benz of Atlanta
2B8FB269312D40DD8,Tesla,2023,Gasoline,Model X,AWD Automatic,Hatchback,Gray,4.3,51057,Audi of Miami
C6CAF44E3F8D44229,Audi,2023,Electric,Q5,AWD Automatic,Hatchback,Onyx Black,3.1,37932,Toyota of Seattle
978DFA7A65E7401A9,Honda,2023,Hybrid,Accord,Automatic,Coupe,Green,3.9,43622,Chevrolet of Houston
D2D25BC00A714A67A,Mercedes-Benz,2020,Gasoline,C-Class,AWD Automatic,Hatchback,Blue,3.4,76466,Chevrolet of Houston
A7152EE8F4C34D119,Honda,2020,Diesel,CR-V,Manual,Coupe,Red,3.8,46219,Tesla Store Los Angeles
C4C101CC33C846E6A,Ford,2023,Gasoline,F-150,AWD Automatic,Sedan,Silver,5.0,71556,Ford of Detroit
EFDC4AECA9CD41CB8,Honda,2022,Hybrid,Accord,Manual,SUV,White,3.8,77568,Ford of Detroit
765F25B009EB4666B,Honda,2021,Hybrid,Civic,Automatic,Sedan,White,4.9,65296,Volvo Cars of Manhattan
22A5FA98C2AA48549,BMW,2021,Gasoline,X5,Automatic,Sedan,Silver,3.5,50340,Ford of Detroit
ACF74CA870454EB48,Chevrolet,2025,Gasoline,Tahoe,Manual,SUV,White,3.9,72760,BMW of San Francisco
071C3B15AB504E54A,BMW,2024,Electric,X5,Automatic,Hatchback,Blue,3.6,53831,Ford of Detroit
36DF226170344902B,Chevrolet,2020,Electric,Equinox,Automatic,Hatchback,Silver,4.5,51138,Tesla Store Los Angeles
7EAFE194FD714C84B,Chevrolet,2025,Electric,Tahoe,AWD Automatic,Sedan,Silver,3.5,34060,Hyundai of Dallas
EE6DB0D437A6413C8,Ford,2021,Hybrid,Mustang,Manual,SUV,Gray,3.2,40677,Audi of Miami
0C90C943085345AAA,Chevrolet,2020,Electric,Equinox,Manual,Truck,Green,3.3,73926,Toyota of Seattle
CCBDDBB8835547FFA,Chevrolet,2024,Diesel,Silverado,AWD Automatic,Sedan,Gray,4.1,29353,Toyota of Seattle
A198D6E3DFAA461EA,Volvo,2021,Diesel,XC90,AWD Automatic,Truck,White,3.7,49374,Toyota of Seattle
90F8FC2B41124AAE8,Audi,2020,Hybrid,A4,Manual,Truck,Onyx Black,3.3,74517,BMW of San Francisco
E380599F93DD40818,Toyota,2025,Diesel,Camry,AWD Automatic,Sedan,White,3.0,24536,Hyundai of Dallas
0E17951D11DD4E6E9,Honda,2020,Gasoline,CR-V,Automatic,Truck,Gray,4.5,65446,Toyota of Seattle
5EFB90A31EC741258,Hyundai,2024,Gasoline,Sonata,AWD Automatic,Truck,Green,3.7,62613,Mercedes-Benz of Atlanta
F9D734937A1A4D15A,Volvo,2019,Diesel,XC60,AWD Automatic,SUV,Green,4.5,27957,BMW of San Francisco
6F03BE0B384E4A658,Toyota,2019,Electric,Highlander,AWD Automatic,Sedan,Red,3.9,61044,Honda of Chicago
7652C1C5C1484129B,Hyundai,2019,Diesel,Elantra,Manual,Coupe,White,3.7,55994,Volvo Cars of Manhattan
E31380AA3F07437E9,Tesla,2022,Gasoline,Model Y,Manual,Coupe,White,4.8,71010,Chevrolet of Houston
DE9AE5876EBE4E04B,Tesla,2022,Diesel,Model 3,Manual,Hatchback,Blue,4.0,24111,Hyundai of Dallas
67833A7105D048509,BMW,2024,Gasoline,5 Series,Automatic,Coupe,Silver,4.9,28941,Chevrolet of Houston
63181FCDFB2F48549,Toyota,2025,Electric,Corolla,Manual,Truck,Silver,3.8,50178,Volvo Cars of Manhattan
978A7889D1DE45C2B,Toyota,2018,Gasoline,Highlander,AWD Automatic,Sedan,Onyx Black,4.5,58073,Hyundai of Dallas
79BBD0A429414588B,BMW,2018,Hybrid,X5,Manual,Hatchback,White,3.9,32950,Toyota of Seattle
79639420667C4C9F9,Toyota,2020,Diesel,Camry,Manual,Coupe,White,3.7,53658,Hyundai of Dallas
E6499F0128B8432A9,Toyota,2020,Gasoline,Camry,AWD Automatic,SUV,White,4.2,43326,Volvo Cars of Manhattan
F3147E26CA084845B,Toyota,2022,Electric,Highlander,AWD Automatic,Hatchback,Red,3.9,20546,Ford of Detroit
F65F085CDC7847B49,Chevrolet,2018,Gasoline,Equinox,Manual,Sedan,Blue,3.5,42119,Mercedes-Benz of Atlanta
295388960B2F469B9,Chevrolet,2023,Electric,Silverado,Automatic,Sedan,Red,3.2,23378,Honda of Chicago
CBDF7BD32D144E038,Honda,2018,Gasoline,Pilot,Automatic,Coupe,Green,4.7,53043,Ford of Detroit
803FEC36A58644368,Tesla,2019,Electric,Model Y,Automatic,SUV,Onyx Black,4.7,51238,Volvo Cars of Manhattan
830C1F951EFA41EDB,Mercedes-Benz,2025,Diesel,GLC,AWD Automatic,Sedan,Red,4.2,46433,Honda of Chicago
32DD489FF8A3416E9,Tesla,2021,Hybrid,Model Y,Manual,Coupe,Red,3.9,50714,Volvo Cars of Manhattan
CC36BD4DD07542D89,Ford,2021,Electric,Mustang,Automatic,Coupe,White,3.3,32568,Chevrolet of Houston
1D695B4646674AA88,BMW,2020,Diesel,X3,Manual,SUV,White,5.0,54519,Volvo Cars of Manhattan
DA6CE5FEC22C4460A,Toyota,2019,Diesel,Camry,Manual,SUV,Silver,4.0,55141,Hyundai of Dallas
F688A3A6498846B09,BMW,2025,Diesel,X3,Automatic,Coupe,Green,3.2,53907,Chevrolet of Houston
223E593E05074298A,BMW,2021,Diesel,5 Series,Automatic,Truck,White,4.5,68403,Toyota of Seattle
3AD881D96BF04D429,Tesla,2025,Electric,Model 3,Automatic,Sedan,Blue,3.0,29076,Audi of Miami
AFC7D933A53348AA8,Ford,2021,Gasoline,Escape,Manual,Truck,Silver,3.3,50963,BMW of San Francisco
A475CBDFE7CE43F49,Honda,2025,Hybrid,CR-V,AWD Automatic,SUV,Red,4.7,39336,Chevrolet of Houston
13508F260DA345918,Tesla,2022,Electric,Model S,Manual,Sedan,White,3.6,43206,Toyota of Seattle
2406144E628A448D8,Honda,2021,Gasoline,Pilot,Automatic,Sedan,Green,4.3,72968,Toyota of Seattle
D35BC27503C540098,Tesla,2019,Diesel,Model 3,AWD Automatic,SUV,White,4.3,64803,Audi of Miami
23C131FE2DE1480DA,BMW,2023,Diesel,X3,Manual,Truck,Onyx Black,4.4,44750,Volvo Cars of Manhattan
7C7276582BEE4B019,Toyota,2022,Gasoline,Corolla,Automatic,SUV,Onyx Black,3.1,41075,Ford of Detroit
C5ECB386EE324E9AA,Tesla,2019,Electric,Model S,AWD Automatic,Hatchback,Gray,4.2,22682,BMW of San Francisco
1DED91F262EA49FF8,Ford,2022,Gasoline,F-150,AWD Automatic,Hatchback,Red,4.9,39567,Tesla Store Los Angeles
97069E0C23DB4B148,Volvo,2019,Electric,XC90,AWD Automatic,Hatchback,Green,4.6,68927,BMW of San Francisco
083BFF92F5BA40D18,Tesla,2025,Hybrid,Model Y,Manual,Hatchback,White,3.9,52529,Tesla Store Los Angeles
59A17134D64642D3B,Chevrolet,2021,Hybrid,Tahoe,Manual,Hatchback,Gray,3.7,56228,BMW of San Francisco
3740ED38D0CF46F1A,Hyundai,2023,Gasoline,Santa Fe,AWD Automatic,Coupe,Onyx Black,4.4,73390,Chevrolet of Houston
4217697CE3124904B,Hyundai,2023,Hybrid,Sonata,Manual,Sedan,Gray,3.4,70462,Mercedes-Benz of Atlanta
0DB52BF7891645D48,Honda,2023,Hybrid,Accord,Automatic,Truck,Red,3.0,26285,Ford of Detroit
DAF0E92C443F43CAB,Tesla,2025,Gasoline,Model 3,Manual,Hatchback,Onyx Black,3.7,35993,Hyundai of Dallas
2C4D4887952D4E7D8,Ford,2020,Hybrid,Mustang,Manual,Coupe,White,3.5,22133,Tesla Store Los Angeles
810C98CFBD354ACBB,Ford,2021,Gasoline,Escape,AWD Automatic,SUV,Blue,4.3,57332,Hyundai of Dallas
39D3EA76337740448,Volvo,2020,Hybrid,V60,AWD Automatic,Coupe,White,3.5,70962,Ford of Detroit
C4FD2771613B478C8,Tesla,2025,Hybrid,Model S,Manual,Coupe,Onyx Black,4.2,63874,Volvo Cars of Manhattan
9035D572AA0448DA8,Mercedes-Benz,2024,Electric,E-Class,Manual,Sedan,Gray,4.4,77101,Mercedes-Benz of Atlanta
EB39949FDFE541809,Toyota,2022,Electric,RAV4,AWD Automatic,SUV,Blue,3.4,72151,Hyundai of Dallas
9C04C944F9C04387B,Audi,2023,Electric,Q7,Automatic,Hatchback,Gray,3.4,43576,Honda of Chicago
1E7FA8A66B324509A,Toyota,2022,Electric,Camry,Manual,Truck,Red,4.2,38600,BMW of San Francisco
F4287168E6064313A,BMW,2018,Gasoline,X5,AWD Automatic,Hatchback,White,3.2,47087,Volvo Cars of Manhattan
72167A5944A542F28,Hyundai,2024,Diesel,Santa Fe,Manual,Sedan,Green,4.9,33178,Mercedes-Benz of Atlanta
3DB97E5581174A80B,Volvo,2024,Electric,XC60,Automatic,Coupe,Blue,3.8,56217,Tesla Store Los Angeles
19A44FDC85644DED9,Ford,2025,Diesel,F-150,AWD Automatic,Hatchback,Green,3.0,72299,BMW of San Francisco
7097DEB71E21405BB,Chevrolet,2023,Diesel,Tahoe,Manual,Hatchback,Silver,4.1,69373,BMW of San Francisco
40053C1FFDB34921B,Mercedes-Benz,2025,Hybrid,GLE,Manual,Hatchback,Gray,4.8,57189,Chevrolet of Houston
9208F2FE644E4D929,Chevrolet,2023,Gasoline,Malibu,Automatic,SUV,White,4.4,31546,Honda of Chicago
3C4A30F3435448FDA,Mercedes-Benz,2018,Diesel,E-Class,AWD Automatic,Sedan,Gray,3.5,78684,Honda of Chicago
B24438A60145401BB,BMW,2022,Gasoline,X5,AWD Automatic,Hatchback,Silver,4.3,57764,Mercedes-Benz of Atlanta
919E085AB2AD43B1A,Audi,2021,Gasoline,Q5,Manual,Coupe,Silver,3.5,59119,Audi of Miami
F190852CEC56480F9,Honda,2018,Hybrid,Civic,Automatic,Hatchback,Blue,3.8,30581,Ford of Detroit
605F0626E15B43298,Ford,2019,Gasoline,Escape,Manual,Hatchback,Gray,4.6,67674,BMW of San Francisco
1777FF3AA1BC43CAA,Volvo,2024,Hybrid,S60,Automatic,Hatchback,Blue,4.1,70223,Mercedes-Benz of Atlanta
71FE775BCB56462E8,Honda,2022,Gasoline,CR-V,AWD Automatic,SUV,Red,3.4,67229,Audi of Miami
16B649A3F2AF48C49,Mercedes-Benz,2018,Electric,GLC,Manual,Coupe,Red,3.7,78237,Mercedes-Benz of Atlanta
118F6EC1D21649648,Audi,2023,Gasoline,A4,AWD Automatic,SUV,White,3.8,67167,Volvo Cars of Manhattan
85A09FBF0B054878A,Ford,2023,Diesel,Escape,Manual,Sedan,Gray,3.3,73813,Mercedes-Benz of Atlanta
E25985A9522640A6B,Ford,2023,Gasoline,Mustang,Manual,SUV,Gray,3.6,72706,Hyundai of Dallas
3398AC35F14F4E3AB,BMW,2025,Gasoline,X3,Automatic,Hatchback,Green,4.9,61851,Tesla Store Los Angeles
FC6A7F3344994D9E8,Hyundai,2020,Electric,Elantra,Manual,SUV,Silver,4.2,32725,Tesla Store Los Angeles
80545773233C4C398,Chevrolet,2024,Hybrid,Malibu,AWD Automatic,Truck,Green,4.4,23573,Tesla Store Los Angeles
1C0F9A36439243F8B,Honda,2024,Gasoline,Civic,Automatic,Truck,Red,4.3,53739,Mercedes-Benz of Atlanta
083310AB3F564EDD9,Hyundai,2019,Gasoline,Sonata,Manual,Sedan,Blue,3.3,32239,Toyota of Seattle
84C69541691649149,Volvo,2018,Diesel,S60,AWD Automatic,Hatchback,White,3.2,33679,Honda of Chicago
776F443AC9A94F37B,Mercedes-Benz,2023,Hybrid,GLE,Manual,Hatchback,Red,4.3,45073,Toyota of Seattle
E7CD47EE15EE44AA8,BMW,2023,Gasoline,5 Series,AWD Automatic,SUV,Gray,4.7,22140,Hyundai of Dallas
A794869617E94A77B,Hyundai,2024,Diesel,Sonata,Automatic,Coupe,Green,4.1,44325,BMW of San Francisco
8295B7E5FB9746DC8,Hyundai,2023,Electric,Tucson,AWD Automatic,SUV,Silver,4.1,76150,Volvo Cars of Manhattan
A1A3D985F4FF47AD9,Ford,2020,Diesel,Mustang,Automatic,Coupe,White,3.4,58909,Honda of Chicago
C5C97C3586AC47238,Mercedes-Benz,2018,Hybrid,GLC,Manual,SUV,Gray,3.8,66354,Mercedes-Benz of Atlanta
9D755383D1D64429B,Tesla,2019,Hybrid,Model 3,Automatic,Hatchback,Green,3.4,52433,Mercedes-Benz of Atlanta
31A53A29CC854F659,Chevrolet,2021,Diesel,Tahoe,AWD Automatic,Truck,Onyx Black,3.6,34187,Mercedes-Benz of Atlanta
6615F9D663FA4355B,Chevrolet,2018,Hybrid,Silverado,Automatic,Hatchback,Blue,4.6,22236,Volvo Cars of Manhattan
3ABB5AAFCA7A4D1FA,Hyundai,2018,Diesel,Elantra,AWD Automatic,Hatchback,White,4.3,42095,BMW of San Francisco
2D9B00034DE84DC0A,Toyota,2024,Diesel,Camry,Automatic,Truck,Gray,3.6,71971,Mercedes-Benz of Atlanta
FB86CB4A1D1245AEA,Toyota,2023,Diesel,Corolla,AWD Automatic,SUV,Silver,3.1,49240,Chevrolet of Houston
E5372FE7918E4A2DA,Volvo,2020,Gasoline,V60,AWD Automatic,Truck,Blue,4.7,60865,Mercedes-Benz of Atlanta
498A4B2538BF40309,Ford,2023,Gasoline,F-150,Automatic,Sedan,Onyx Black,3.8,20768,Honda of Chicago
9941DDE77EE14656A,Honda,2020,Hybrid,Pilot,AWD Automatic,Coupe,Gray,4.2,59165,Tesla Store Los Angeles
A4149922D00245BEB,Volvo,2025,Gasoline,S60,Manual,Sedan,Silver,3.1,78302,Tesla Store Los Angeles
1E479F505F804FCE9,Volvo,2021,Gasoline,XC90,AWD Automatic,Truck,White,3.4,61159,Honda of Chicago
F69E85AF77B1438FA,Hyundai,2023,Hybrid,Elantra,Manual,Sedan,Green,3.8,64184,Audi of Miami
F8CD2E23A2E8485BA,Chevrolet,2023,Hybrid,Malibu,Manual,Hatchback,Silver,4.9,26685,Audi of Miami
6148247C84EB457E9,Hyundai,2024,Electric,Santa Fe,Manual,Sedan,Red,3.8,54433,Ford of Detroit
BF15450C0B904DAF8,Hyundai,2021,Electric,Santa Fe,Automatic,Coupe,Gray,3.2,23607,Audi of Miami
1AB7FF5B602F463A8,Chevrolet,2024,Hybrid,Equinox,Manual,Hatchback,Red,4.1,29647,Mercedes-Benz of Atlanta
C733B9D358FF408FB,Toyota,2018,Diesel,Corolla,Automatic,SUV,White,5.0,21012,Mercedes-Benz of Atlanta
BA55628E33324DA9A,Mercedes-Benz,2020,Electric,E-Class,Automatic,Sedan,Blue,3.7,60904,Ford of Detroit
0CED3CF1CBEF418A9,BMW,2020,Diesel,3 Series,Automatic,Hatchback,Onyx Black,4.0,36521,Honda of Chicago
19935670266147119,Mercedes-Benz,2018,Diesel,GLC,Manual,Sedan,White,4.4,72194,Volvo Cars of Manhattan
C88D0C971E1F4964A,Honda,2019,Diesel,Civic,AWD Automatic,Coupe,Blue,3.4,21300,Mercedes-Benz of Atlanta
C7BE49960CA1436BA,Hyundai,2025,Diesel,Elantra,Automatic,SUV,Red,4.8,50735,Toyota of Seattle
78D7987EAA6A4AE3B,Tesla,2021,Diesel,Model 3,AWD Automatic,Hatchback,Silver,4.9,70977,Chevrolet of Houston
AE0C054CFE284F9C9,Mercedes-Benz,2022,Hybrid,GLE,Manual,Coupe,Gray,4.1,34371,Toyota of Seattle
39CACEA898534F7FA,Audi,2020,Diesel,A4,Automatic,Hatchback,Red,3.9,77171,Ford of Detroit
6CCFB041FDB446768,Toyota,2023,Electric,RAV4,Automatic,Coupe,Silver,4.1,25938,Volvo Cars of Manhattan
E406416D3B56495E9,Volvo,2020,Diesel,V60,AWD Automatic,Hatchback,Onyx Black,4.1,72083,Hyundai of Dallas
D5E30D8EA86D44BD8,Audi,2022,Electric,Q5,AWD Automatic,Hatchback,Silver,3.8,69339,Ford of Detroit
2F040C7751E648CFB,Hyundai,2018,Diesel,Elantra,Manual,Sedan,Blue,4.6,37922,Honda of Chicago
D591C4B6F06749448,Ford,2024,Gasoline,F-150,Automatic,Hatchback,Onyx Black,3.0,22689,Hyundai of Dallas
DA6D5B33B6374F0AB,Tesla,2024,Diesel,Model 3,Automatic,SUV,Green,3.3,33036,Tesla Store Los Angeles
D52A7512E1504422B,Toyota,2021,Gasoline,Corolla,Manual,Truck,Silver,4.9,33540,Volvo Cars of Manhattan
7F3B225C0E404BCBA,Hyundai,2021,Electric,Elantra,AWD Automatic,SUV,Silver,4.5,53882,Tesla Store Los Angeles
AA3314F1C4DD4C5FB,Honda,2025,Gasoline,CR-V,Manual,Coupe,White,4.0,73096,BMW of San Francisco
49E53B2B977B4447B,Hyundai,2019,Hybrid,Tucson,AWD Automatic,Truck,White,4.9,33061,Ford of Detroit
B7DF9E3217E84D699,Tesla,2025,Diesel,Model Y,Automatic,Hatchback,White,4.8,68488,BMW of San Francisco
4077D28352704E738,Ford,2019,Diesel,F-150,Automatic,Hatchback,Green,3.1,67680,Honda of Chicago
AA7B7ADA043E46B5A,Chevrolet,2023,Gasoline,Tahoe,AWD Automatic,Truck,Onyx Black,4.3,40846,BMW of San Francisco
694A0957F3F74583A,Chevrolet,2022,Hybrid,Malibu,AWD Automatic,Coupe,Blue,3.9,35561,Honda of Chicago
0F9BA153D6704A678,Tesla,2018,Diesel,Model Y,AWD Automatic,Hatchback,Green,4.6,78759,Toyota of Seattle
F0D0C6DA2F2343329,Honda,2021,Gasoline,Civic,Automatic,Sedan,Onyx Black,3.7,22179,Ford of Detroit
571523383A3A4A518,Tesla,2025,Electric,Model Y,Manual,Sedan,White,4.4,48443,Hyundai of Dallas
C79983122DD14A7DA,Ford,2023,Electric,Mustang,Automatic,Hatchback,Onyx Black,3.8,67046,Honda of Chicago
03E057A2AC3248009,Honda,2024,Electric,Pilot,Manual,Sedan,Green,4.5,64738,Honda of Chicago
C5CC3F2223274126A,Toyota,2023,Gasoline,Camry,Automatic,Coupe,Gray,3.0,62971,Tesla Store Los Angeles
95CC38A3173142829,Tesla,2019,Gasoline,Model X,Automatic,Sedan,Blue,4.8,59208,Mercedes-Benz of Atlanta
F8DFA7B9FF3946278,Ford,2022,Electric,F-150,AWD Automatic,Sedan,White,3.6,59186,Hyundai of Dallas
DB125E6928324178B,Audi,2023,Diesel,Q5,AWD Automatic,Hatchback,Gray,3.6,20571,BMW of San Francisco
4EC585884A9E46739,Chevrolet,2021,Electric,Silverado,AWD Automatic,Hatchback,Onyx Black,3.1,61661,Mercedes-Benz of Atlanta
BA7A4D57FE224F878,Hyundai,2023,Hybrid,Sonata,AWD Automatic,Coupe,Green,4.7,21917,Chevrolet of Houston
DF8B5BEE88EE4E428,Chevrolet,2024,Electric,Malibu,AWD Automatic,Hatchback,Gray,3.9,60757,Hyundai of Dallas
19CDB4793F884FFFB,BMW,2020,Diesel,3 Series,Manual,Coupe,Blue,3.2,68656,Honda of Chicago
11303372E1FC4C5F8,Honda,2025,Hybrid,Accord,Automatic,Sedan,Red,4.4,25063,Toyota of Seattle
41C1DEF9398D4B728,Ford,2024,Diesel,Explorer,Manual,SUV,Blue,3.7,68766,Volvo Cars of Manhattan
DD74C9DB015F4C988,Tesla,2020,Hybrid,Model X,Manual,SUV,White,3.3,70170,Audi of Miami
677274A1B2B84110A,Hyundai,2021,Hybrid,Tucson,Manual,Sedan,White,4.3,46511,Tesla Store Los Angeles
4BFBA16D4840469FA,Audi,2021,Diesel,Q7,Manual,Hatchback,Blue,4.9,61029,Mercedes-Benz of Atlanta
6E5A7AEE20B3468A9,Honda,2021,Hybrid,CR-V,AWD Automatic,SUV,Green,4.3,34712,Ford of Detroit
7C6C640D5B5145F2A,Toyota,2019,Diesel,Highlander,Manual,Sedan,Silver,4.2,51590,Mercedes-Benz of Atlanta
2E164B693C2348B48,Ford,2018,Diesel,Explorer,Automatic,Truck,Red,3.6,42179,BMW of San Francisco
2C76BB5B315F43A19,Toyota,2024,Gasoline,Highlander,Manual,SUV,Silver,4.1,71100,Toyota of Seattle
9E438E6DF2C249068,Audi,2018,Gasoline,Q7,AWD Automatic,Hatchback,Silver,4.1,68940,Hyundai of Dallas
F110E5B0C2DD46FC8,Hyundai,2019,Electric,Santa Fe,Manual,Coupe,White,3.2,48744,Toyota of Seattle
DCB399BE03FE47E89,Tesla,2024,Diesel,Model X,Manual,SUV,Silver,4.9,34294,Ford of Detroit
29EBBE081E7B41C9A,Toyota,2023,Electric,Camry,AWD Automatic,SUV,Onyx Black,3.4,41496,Volvo Cars of Manhattan
A6447ACCDADA44738,Tesla,2020,Gasoline,Model Y,Manual,SUV,Green,3.2,56067,Chevrolet of Houston
33AE15C997CC43A8B,Hyundai,2022,Hybrid,Sonata,Manual,Sedan,Silver,4.1,63005,Hyundai of Dallas
182490C87979478A9,Mercedes-Benz,2023,Electric,GLC,Manual,Hatchback,Green,4.0,47522,Honda of Chicago
A03EDE715E0D4665B,Mercedes-Benz,2023,Electric,GLC,AWD Automatic,Truck,Red,3.4,74125,Ford of Detroit
9CE952EAC6F0430EA,Toyota,2024,Gasoline,Corolla,AWD Automatic,Truck,Gray,4.6,33439,Chevrolet of Houston
E160E206F865446D9,Ford,2021,Diesel,Explorer,Manual,Truck,Red,3.2,73849,Audi of Miami
232C105A08DB4C969,Tesla,2023,Gasoline,Model Y,Automatic,Coupe,Blue,4.1,51155,Volvo Cars of Manhattan
B225D49B012E4081B,Audi,2025,Hybrid,A6,AWD Automatic,SUV,Gray,4.0,67415,Volvo Cars of Manhattan
9968159F06A942E18,Toyota,2018,Electric,RAV4,Manual,Coupe,Blue,4.8,48559,BMW of San Francisco
CFD3AF4C660F4A1B9,Honda,2025,Gasoline,Pilot,AWD Automatic,Sedan,Blue,4.8,74746,Tesla Store Los Angeles
B13BE2BE19714BA68,Mercedes-Benz,2021,Diesel,E-Class,AWD Automatic,Coupe,Green,3.3,59925,Audi of Miami
69C52E5B38604729A,Hyundai,2023,Diesel,Santa Fe,Automatic,Coupe,Gray,3.8,47299,Ford of Detroit
E02BA76ACFC842BB8,Toyota,2025,Gasoline,Corolla,Manual,Hatchback,Red,3.3,39085,Mercedes-Benz of Atlanta
EFBCDCEBFEE345ECA,BMW,2023,Hybrid,X5,Manual,SUV,Green,3.5,53586,BMW of San Francisco
47F788CF1BAC44ED8,Chevrolet,2018,Gasoline,Tahoe,Automatic,Coupe,Red,3.6,20330,Chevrolet of Houston
6A36369913DF41E6B,Ford,2021,Gasoline,Escape,Automatic,Coupe,Silver,3.0,75339,Chevrolet of Houston
09C66962A8424CFDA,Chevrolet,2018,Gasoline,Silverado,AWD Automatic,Hatchback,Red,3.9,53880,Chevrolet of Houston
979BACDDDC68418BB,Audi,2024,Hybrid,Q7,AWD Automatic,Hatchback,Silver,4.1,23965,Tesla Store Los Angeles
20250C51981C498D8,Audi,2018,Gasoline,Q7,Manual,Truck,Silver,3.7,76134,Toyota of Seattle
4B5E41A0EE034AD18,Honda,2025,Electric,Pilot,Automatic,Sedan,Blue,4.6,48856,Mercedes-Benz of Atlanta
CF8BBFF0381B4958A,Honda,2025,Diesel,Accord,Automatic,Hatchback,Onyx Black,4.7,49576,Volvo Cars of Manhattan
74F10E487DC04E24A,Toyota,2018,Electric,RAV4,Automatic,Truck,Silver,4.8,35411,Chevrolet of Houston
1838F2F16F5E44D4A,BMW,2018,Diesel,5 Series,Manual,Sedan,Green,3.7,50792,Tesla Store Los Angeles
F12BF541DFF04C5C8,Mercedes-Benz,2018,Gasoline,GLE,AWD Automatic,Truck,White,3.9,74340,Volvo Cars of Manhattan
5CACE833FB414AF08,Toyota,2025,Gasoline,Camry,Automatic,Coupe,Onyx Black,4.8,72287,Ford of Detroit
33AEB251F0D240DC8,Volvo,2023,Hybrid,XC60,AWD Automatic,SUV,Red,4.5,71412,BMW of San Francisco
329C2CD88447464CB,Hyundai,2023,Hybrid,Elantra,Manual,SUV,Red,3.0,35274,BMW of San Francisco
EF08814DC4224E2B9,Volvo,2025,Hybrid,XC90,AWD Automatic,Sedan,White,3.4,24225,Toyota of Seattle
977C4921B9864AD9A,Hyundai,2020,Electric,Santa Fe,Manual,SUV,Silver,3.9,28887,Tesla Store Los Angeles
9D54897CB213465CB,Toyota,2023,Diesel,Highlander,Automatic,Coupe,Silver,4.3,26846,Tesla Store Los Angeles
EDCB72FF8E0B46928,Chevrolet,2024,Electric,Tahoe,Manual,Truck,Blue,3.9,72792,Ford of Detroit
C4452E71669C49459,Volvo,2023,Diesel,XC90,AWD Automatic,Sedan,Gray,3.5,26617,BMW of San Francisco
86CD269EACBE45C2A,Tesla,2022,Hybrid,Model Y,AWD Automatic,Sedan,Silver,3.5,40073,Honda of Chicago
0A9773A20FFF45E1A,Audi,2022,Diesel,A6,Automatic,Hatchback,Silver,4.7,28187,Tesla Store Los Angeles
D2E66EB3E0834F028,Volvo,2020,Gasoline,V60,Manual,Hatchback,Silver,3.5,32164,Mercedes-Benz of Atlanta
F8D6463ACD6F4D8FB,Volvo,2024,Gasoline,V60,AWD Automatic,Sedan,Gray,3.0,26829,Chevrolet of Houston
836681C063044320A,Volvo,2021,Electric,V60,AWD Automatic,Hatchback,Onyx Black,4.0,60170,Honda of Chicago
9D0D61C8A04344E39,Mercedes-Benz,2020,Diesel,GLC,Manual,SUV,Gray,5.0,21727,Mercedes-Benz of Atlanta
71EBF0417562462E8,Volvo,2019,Diesel,XC60,Automatic,Hatchback,Silver,4.3,23784,Mercedes-Benz of Atlanta
7DB141D2A51D4360B,Volvo,2025,Gasoline,V60,Manual,SUV,Gray,3.3,58707,Volvo Cars of Manhattan
8A8177ADBDF840559,BMW,2022,Hybrid,3 Series,Manual,SUV,Onyx Black,4.1,21329,Volvo Cars of Manhattan
B40E172013304710A,Volvo,2018,Diesel,XC90,AWD Automatic,Truck,White,3.8,54530,Volvo Cars of Manhattan
E7F5C1DD6B91440DA,Honda,2020,Electric,Civic,Automatic,Truck,Blue,4.7,47848,Chevrolet of Houston
5E8E506A18C843C98,Honda,2019,Hybrid,CR-V,AWD Automatic,Coupe,Gray,4.1,69237,Tesla Store Los Angeles
240BF1211D63414F9,BMW,2018,Hybrid,X3,AWD Automatic,Truck,Onyx Black,4.3,34875,Mercedes-Benz of Atlanta
4A70C650A75D4267B,Audi,2019,Gasoline,A4,Automatic,Coupe,Silver,4.4,43912,Ford of Detroit
D99C7303A4A04E0DA,Chevrolet,2018,Diesel,Silverado,Automatic,SUV,Gray,4.3,38790,Chevrolet of Houston
F1C4268E8A004C1DB,Mercedes-Benz,2025,Diesel,C-Class,Automatic,SUV,Gray,4.2,70134,Chevrolet of Houston
57193FD5A6594F1DB,Chevrolet,2023,Gasoline,Malibu,Automatic,Coupe,Silver,5.0,34732,BMW of San Francisco
34FC06DFD1A8454CB,Volvo,2023,Electric,V60,Manual,Sedan,Blue,4.8,75500,Mercedes-Benz of Atlanta
0C174A0F3EB14A058,BMW,2018,Electric,X5,AWD Automatic,Truck,Onyx Black,3.7,58066,Hyundai of Dallas
5CCF919F3AC746D0B,Tesla,2020,Hybrid,Model S,AWD Automatic,SUV,Red,4.0,79817,Hyundai of Dallas
0157DB1358EB49DE8,Audi,2021,Gasoline,A4,Manual,Sedan,Onyx Black,4.1,35742,BMW of San Francisco
D5F13050847042EE9,Hyundai,2022,Diesel,Sonata,Automatic,SUV,Green,3.3,41000,Ford of Detroit
0F65E98AF4F34438B,Ford,2022,Diesel,Explorer,Manual,Truck,Onyx Black,4.9,37462,Mercedes-Benz of Atlanta
E2DCC58B06F84EFE8,Hyundai,2020,Gasoline,Santa Fe,AWD Automatic,SUV,Onyx Black,4.1,31224,Mercedes-Benz of Atlanta
72AAB1F49B1C42C8B,Volvo,2019,Diesel,XC90,Automatic,Hatchback,Gray,4.8,56672,Mercedes-Benz of Atlanta
0A5494DE176A4BDD9,Hyundai,2021,Diesel,Sonata,AWD Automatic,Hatchback,Red,3.3,46109,Chevrolet of Houston
7DE44FD311334D98A,Honda,2019,Diesel,Pilot,Automatic,Truck,Silver,3.8,68595,Volvo Cars of Manhattan
0BBFAC5DD95A4C378,Volvo,2020,Hybrid,S60,Manual,SUV,Gray,3.9,48279,Toyota of Seattle
92FFB25F65D54BB58,Toyota,2018,Electric,Corolla,Automatic,Truck,Red,4.5,68283,Chevrolet of Houston
187F6F218F874D2CB,Audi,2021,Electric,Q5,Manual,SUV,Blue,3.7,74900,Chevrolet of Houston
7C1B9AC56176497A8,Mercedes-Benz,2024,Gasoline,GLE,Manual,Truck,Onyx Black,3.7,32201,Tesla Store Los Angeles
6BD89B352BAF43129,Hyundai,2019,Gasoline,Tucson,Automatic,Truck,White,4.2,20130,Honda of Chicago
822EE8DE929246459,Honda,2025,Electric,Civic,Automatic,Coupe,Red,4.0,26225,Tesla Store Los Angeles
ABA6ADBDAC094906A,Ford,2018,Diesel,Explorer,Manual,Sedan,Red,3.7,46619,Honda of Chicago
B775DC999F0944BE8,Mercedes-Benz,2019,Gasoline,GLC,AWD Automatic,Sedan,Green,3.4,26672,Toyota of Seattle
ECFCC61FD8DB45C4B,Chevrolet,2023,Hybrid,Malibu,Automatic,SUV,Onyx Black,3.1,62013,Hyundai of Dallas
3ED14EABEC634D30B,Honda,2023,Electric,Accord,Manual,Coupe,Blue,3.4,23189,Honda of Chicago
511654D70F9C4BB19,Honda,2024,Gasoline,Civic,Automatic,Coupe,Blue,4.4,38219,Chevrolet of Houston
20323A46BA754C89A,Hyundai,2023,Hybrid,Sonata,Manual,SUV,Silver,4.4,45729,Tesla Store Los Angeles
C0EF7EBE42304026A,Audi,2024,Electric,Q7,Automatic,Coupe,Red,4.2,51312,Tesla Store Los Angeles
7A3B488F8D0B4AA88,Hyundai,2025,Diesel,Tucson,AWD Automatic,Coupe,Silver,3.5,39711,Hyundai of Dallas
EACA30F9A2854EE5A,BMW,2023,Hybrid,3 Series,Manual,Coupe,Onyx Black,4.5,26449,Hyundai of Dallas
6FABAE2F41C74FE88,Toyota,2018,Electric,Camry,Manual,Coupe,White,4.6,64164,Toyota of Seattle
B6C95D82E1DE47E09,Honda,2025,Gasoline,Civic,Manual,SUV,Gray,3.5,31779,Audi of Miami
9CDB5FDFF2924ABD8,Hyundai,2025,Diesel,Tucson,Automatic,Coupe,Onyx Black,3.3,43885,Tesla Store Los Angeles
48DC25621F2840C68,Toyota,2018,Diesel,Highlander,AWD Automatic,Sedan,White,3.9,78833,Toyota of Seattle
EBB0AE11521D4394A,BMW,2025,Hybrid,X3,Automatic,Truck,Red,3.9,75093,Honda of Chicago
41ACB78E06844BAAA,Audi,2023,Gasoline,Q7,Automatic,Coupe,Green,4.0,33253,Hyundai of Dallas
AFF957D300F6424FB,Volvo,2021,Diesel,XC60,AWD Automatic,Coupe,White,4.2,49059,Volvo Cars of Manhattan
280A6E6EE57A4FD59,Audi,2023,Diesel,A6,AWD Automatic,Hatchback,White,4.1,36365,Audi of Miami
9F01FB3D0AB142F4A,Chevrolet,2021,Hybrid,Equinox,AWD Automatic,Coupe,Red,4.5,73528,Chevrolet of Houston
66E9C439E46B457C9,Mercedes-Benz,2023,Diesel,C-Class,AWD Automatic,Truck,Red,5.0,20440,Ford of Detroit
147868F673DD4ED59,Mercedes-Benz,2020,Hybrid,GLE,Automatic,Hatchback,Gray,4.9,22430,BMW of San Francisco
0C029B481FCC4FEC8,Tesla,2019,Electric,Model X,AWD Automatic,Truck,Red,4.4,78937,Honda of Chicago
15CC07FA5E8444809,Volvo,2020,Hybrid,XC60,Automatic,Truck,Blue,4.4,76032,Volvo Cars of Manhattan
66E73C0EB2914835A,BMW,2018,Electric,X3,Manual,Sedan,Gray,3.1,75760,Hyundai of Dallas
2A1E1CDCC16E42F39,Tesla,2023,Gasoline,Model X,Manual,Sedan,Silver,3.8,69705,Chevrolet of Houston
93874DCE0B254974A,Audi,2020,Hybrid,Q5,Automatic,Truck,Silver,4.0,76556,Mercedes-Benz of Atlanta
A14CD43611BC43EF9,Ford,2019,Electric,Explorer,AWD Automatic,Truck,Green,3.3,77259,Honda of Chicago
822C8147EB9C4DE99,Ford,2020,Hybrid,Escape,AWD Automatic,Truck,Onyx Black,4.8,53941,Mercedes-Benz of Atlanta
CB204148E5394D37A,Audi,2019,Hybrid,Q5,Automatic,Truck,Blue,4.8,34936,Toyota of Seattle
6468A10D8A614178A,Volvo,2020,Electric,V60,AWD Automatic,Hatchback,Gray,4.8,69440,Audi of Miami
D34394564E554C5CB,Chevrolet,2025,Hybrid,Silverado,Automatic,Truck,Red,3.7,50933,Toyota of Seattle
D059A81F4E384C838,Hyundai,2023,Diesel,Elantra,Manual,Truck,Green,3.5,77339,Hyundai of Dallas
2299C6EFFE6244BF8,Volvo,2020,Diesel,XC60,Automatic,Hatchback,Onyx Black,3.6,73797,Toyota of Seattle
817C7F5734964F86B,Mercedes-Benz,2021,Diesel,C-Class,AWD Automatic,Hatchback,Green,4.5,69482,Volvo Cars of Manhattan
D14DD68CDF2843B6B,Chevrolet,2023,Hybrid,Tahoe,Manual,Hatchback,Blue,4.8,79715,Audi of Miami
EC287ECBA208415DB,Ford,2018,Electric,Mustang,Automatic,Sedan,White,4.7,63929,Mercedes-Benz of Atlanta
AB6FEB8E61C449C58,Hyundai,2019,Electric,Santa Fe,Automatic,SUV,Blue,4.4,76373,Volvo Cars of Manhattan
042BF372CFC64990B,Tesla,2022,Gasoline,Model Y,Manual,SUV,Gray,3.1,76765,Mercedes-Benz of Atlanta
45253D553A794FEB8,Ford,2019,Electric,Explorer,Manual,SUV,Red,4.2,76510,Audi of Miami
B77CAAA0E80244E19,Tesla,2023,Hybrid,Model 3,AWD Automatic,Coupe,White,3.2,32850,Chevrolet of Houston
DD282A8DEDC44D74B,Chevrolet,2019,Gasoline,Malibu,AWD Automatic,Sedan,Onyx Black,3.9,37299,Ford of Detroit
747AEABBC42C4B5DA,Honda,2018,Hybrid,Pilot,AWD Automatic,Coupe,Blue,4.5,50857,Chevrolet of Houston
894D61069D72439C8,Ford,2021,Electric,Escape,Automatic,Sedan,White,4.0,72276,Mercedes-Benz of Atlanta
C51C5A06C4B74D01A,BMW,2018,Diesel,3 Series,Automatic,Sedan,Silver,3.1,28825,Audi of Miami
CE4AE786EFB94878B,Ford,2023,Gasoline,F-150,Manual,SUV,Green,4.8,34256,Honda of Chicago
6B6C8B0CA9C7403AA,Toyota,2024,Gasoline,Corolla,AWD Automatic,Truck,Red,3.8,73376,Ford of Detroit
0212B58D6AD14745B,Honda,2024,Electric,CR-V,AWD Automatic,Hatchback,Red,4.7,48661,Honda of Chicago
8359834A88EC4EB09,Mercedes-Benz,2020,Electric,E-Class,Automatic,SUV,Onyx Black,4.3,73311,Honda of Chicago
57DF091F740845CEA,Mercedes-Benz,2019,Diesel,GLC,AWD Automatic,Coupe,Red,3.8,24718,BMW of San Francisco
FEA7F5FC3E4B46829,Hyundai,2025,Gasoline,Santa Fe,Manual,Truck,Blue,4.5,78712,Tesla Store Los Angeles
46584EE30C094C698,Honda,2024,Diesel,Civic,AWD Automatic,Coupe,Blue,4.4,69438,Honda of Chicago
E98F24C9947745E48,Mercedes-Benz,2018,Hybrid,GLC,Automatic,SUV,Onyx Black,4.7,48473,Tesla Store Los Angeles
880B23D3E6F14E11B,Tesla,2021,Diesel,Model Y,Automatic,Hatchback,Red,4.1,28389,Audi of Miami
12DE0698C2BF4D9BB,Mercedes-Benz,2021,Electric,GLE,Manual,Truck,White,3.4,20963,Ford of Detroit
3DD344507D0445409,Audi,2020,Electric,A6,Automatic,Hatchback,Onyx Black,3.1,59867,Volvo Cars of Manhattan
066E3E7CCA684F408,Chevrolet,2021,Electric,Malibu,Manual,Sedan,Silver,4.2,54265,Audi of Miami
C499FD86950041DC8,Volvo,2022,Diesel,XC90,Manual,Hatchback,Green,4.6,27266,Honda of Chicago
715E7234266C4D029,Chevrolet,2025,Diesel,Tahoe,AWD Automatic,Sedan,Gray,4.3,40259,Ford of Detroit
EDA65FDE8A9A4D60A,Tesla,2021,Gasoline,Model S,Manual,Truck,Gray,3.8,25500,Volvo Cars of Manhattan
6AE6A1499B6545CDA,BMW,2024,Electric,X5,AWD Automatic,Sedan,Gray,4.8,50603,Hyundai of Dallas
13C88779A6FB4A56A,Chevrolet,2018,Hybrid,Tahoe,Automatic,SUV,Green,4.5,77045,BMW of San Francisco
D0FB54EAAA014FEEB,Toyota,2024,Gasoline,Highlander,Automatic,Truck,Blue,3.5,76590,Chevrolet of Houston
95DA9DF2E0E64F759,Chevrolet,2022,Electric,Tahoe,Manual,Coupe,Silver,3.2,33521,Tesla Store Los Angeles
3FF092B405664AFC9,Chevrolet,2024,Diesel,Malibu,Manual,Hatchback,Onyx Black,4.1,30880,Volvo Cars of Manhattan
CF236822FE2E4A59B,BMW,2024,Electric,X5,Automatic,Coupe,Blue,3.4,58414,BMW of San Francisco
1A64EC589E40433A9,Mercedes-Benz,2022,Electric,GLE,Manual,Truck,Onyx Black,3.2,47226,Toyota of Seattle
D5F29C729DA74092A,BMW,2024,Diesel,X5,Manual,Truck,Silver,4.7,52906,BMW of San Francisco
761078918FBB4E83A,BMW,2022,Electric,X3,Automatic,Hatchback,Silver,3.6,54930,Ford of Detroit
0BABB29120E64DAB8,Toyota,2024,Diesel,Corolla,AWD Automatic,Coupe,Gray,4.1,49079,Toyota of Seattle
EE5AC1D8715746E58,Ford,2024,Hybrid,Explorer,AWD Automatic,Truck,Blue,4.5,46495,Ford of Detroit
21203FE417E543168,Tesla,2018,Diesel,Model Y,AWD Automatic,Coupe,Onyx Black,3.1,61236,Hyundai of Dallas
3183087926F749599,BMW,2022,Hybrid,X3,Automatic,Truck,Blue,4.0,72118,Toyota of Seattle
A4DE7D35DC734F70A,Volvo,2022,Gasoline,S60,Manual,Sedan,Green,3.6,62410,Honda of Chicago
6C7C4EB7792246769,Tesla,2020,Electric,Model Y,AWD Automatic,SUV,Blue,4.7,40906,Tesla Store Los Angeles
9EB48F734A5A4C569,Honda,2025,Electric,Accord,Automatic,Coupe,Onyx Black,4.7,68849,BMW of San Francisco
A0688448D2B24C51A,Audi,2023,Electric,A6,Manual,Sedan,Red,3.8,72053,Tesla Store Los Angeles
7E6346F9101540E4B,Chevrolet,2022,Hybrid,Tahoe,Manual,Hatchback,Silver,3.3,46872,Mercedes-Benz of Atlanta
B37767FCF69E4CC5B,Hyundai,2019,Gasoline,Elantra,Manual,Truck,Green,4.2,46988,Hyundai of Dallas
CD1BFC9282BA41FA8,Honda,2021,Electric,CR-V,Automatic,Truck,Red,4.8,35705,Chevrolet of Houston
330544B9E95043D8B,Hyundai,2024,Diesel,Elantra,Automatic,Sedan,Gray,3.9,72445,Honda of Chicago
9BEEE99D1DD9405DB,Toyota,2024,Electric,RAV4,Manual,Hatchback,Green,3.4,57447,Toyota of Seattle
E1380A9624F7464EA,Ford,2018,Hybrid,Explorer,AWD Automatic,Truck,Gray,3.8,49262,Audi of Miami
1737FB27D9E441D39,Chevrolet,2019,Electric,Equinox,Manual,Hatchback,Red,4.7,56647,Honda of Chicago
76A678D50D504BEF9,Volvo,2025,Gasoline,XC90,Manual,SUV,Onyx Black,3.9,25894,Ford of Detroit
BB8A6919C8444632A,Ford,2023,Electric,Escape,Automatic,Hatchback,Blue,4.2,72984,Tesla Store Los Angeles
FA953A9CDB644B9C9,Toyota,2021,Diesel,Highlander,Manual,SUV,Red,3.6,52385,Mercedes-Benz of Atlanta
EC399243771A472DA,Hyundai,2019,Diesel,Elantra,Automatic,Truck,Onyx Black,3.9,73241,Toyota of Seattle
289BBD9C0EDE4B0D9,Mercedes-Benz,2025,Diesel,GLC,AWD Automatic,Truck,Green,3.9,20340,Volvo Cars of Manhattan
053DD9703A8A4ED3A,Audi,2024,Electric,A4,AWD Automatic,Coupe,Red,4.4,31402,Hyundai of Dallas
C3687FD4FF304CB99,Tesla,2025,Hybrid,Model X,AWD Automatic,Sedan,Red,4.7,62712,Volvo Cars of Manhattan
F35D404120C446A39,Chevrolet,2021,Diesel,Equinox,AWD Automatic,Hatchback,Green,4.8,23393,Hyundai of Dallas
8D4257C6BF1349C78,BMW,2020,Diesel,3 Series,AWD Automatic,Coupe,Gray,4.7,65696,Hyundai of Dallas
8E0124F529884BB8B,Mercedes-Benz,2025,Diesel,GLC,AWD Automatic,Truck,Silver,4.8,26666,Tesla Store Los Angeles
FC448AC5230F453A9,Hyundai,2024,Gasoline,Tucson,Manual,Truck,Onyx Black,3.8,75550,Mercedes-Benz of Atlanta
99A5ED4BF8DC4D06B,Audi,2018,Diesel,Q5,Manual,Truck,Silver,3.9,47097,Chevrolet of Houston
40B26777F8624345A,Volvo,2024,Electric,V60,Manual,Coupe,Green,4.6,38045,Ford of Detroit
5D3EBEC7A36846B19,Audi,2019,Electric,Q7,Manual,Coupe,Gray,3.4,68268,Honda of Chicago
2E27ACC90A394ECA8,Volvo,2020,Hybrid,XC60,AWD Automatic,Truck,Blue,4.4,24597,Audi of Miami
90B7B1B3A8794DCCA,Ford,2024,Hybrid,F-150,Automatic,Sedan,Blue,4.6,20156,Mercedes-Benz of Atlanta
B234CBA0FB244517A,BMW,2023,Diesel,3 Series,Automatic,Coupe,Red,3.7,34872,Tesla Store Los Angeles
258D27CC192A4A959,Tesla,2020,Gasoline,Model 3,AWD Automatic,Truck,Silver,3.3,52637,Ford of Detroit
18723C083CFB426D8,Mercedes-Benz,2024,Gasoline,C-Class,Manual,Truck,Red,3.4,56576,Mercedes-Benz of Atlanta
D171F67E1DFE481E9,Toyota,2018,Electric,Camry,Automatic,Coupe,Onyx Black,3.2,79687,Chevrolet of Houston
FFC6BB1CECDC461BA,Honda,2024,Diesel,CR-V,AWD Automatic,Sedan,Green,4.4,55793,Tesla Store Los Angeles
DAB3EFEC9BDE4DF78,Chevrolet,2019,Gasoline,Malibu,AWD Automatic,Truck,White,3.9,40151,Ford of Detroit
E650A184141F491F9,BMW,2021,Electric,X3,Manual,Sedan,Red,3.4,43971,Tesla Store Los Angeles
775707D0C85A47D8B,Tesla,2021,Diesel,Model Y,Manual,Hatchback,Silver,4.8,53477,Mercedes-Benz of Atlanta
89C10CB8FE1A45678,Toyota,2019,Diesel,RAV4,AWD Automatic,Sedan,Onyx Black,3.3,44479,Honda of Chicago
D4CE944ECD3B4EF1A,BMW,2020,Diesel,3 Series,Manual,Coupe,Onyx Black,3.4,52095,Toyota of Seattle
C9FC4002B5BF46A3A,BMW,2018,Diesel,5 Series,Automatic,Truck,White,3.7,22835,Volvo Cars of Manhattan
13C33A8D08E54337A,Mercedes-Benz,2018,Gasoline,GLE,AWD Automatic,Coupe,White,4.3,73171,Mercedes-Benz of Atlanta
DE7CD7AEE3B741CFB,Toyota,2023,Electric,Corolla,Manual,Truck,Silver,4.2,71850,Volvo Cars of Manhattan
4C2927D1A3FC49788,Toyota,2024,Hybrid,Camry,Automatic,SUV,Onyx Black,4.1,55237,Toyota of Seattle
33CAA46064EE4E698,Mercedes-Benz,2022,Hybrid,GLE,Automatic,Hatchback,Blue,4.8,52547,Audi of Miami
84B1048FB0744F9EB,Toyota,2023,Diesel,RAV4,Manual,Sedan,Green,3.8,26150,Audi of Miami
AFDC579F90184F8AA,BMW,2018,Electric,5 Series,Automatic,Sedan,Silver,5.0,35704,Chevrolet of Houston
C97C57191E2D4601A,Mercedes-Benz,2020,Gasoline,E-Class,AWD Automatic,Coupe,Blue,4.8,77438,Mercedes-Benz of Atlanta
E41E7C3A4B1B49918,Tesla,2025,Diesel,Model 3,Manual,SUV,White,4.8,22065,Hyundai of Dallas
B046EDE37A4E47ED9,Hyundai,2021,Diesel,Elantra,Manual,Hatchback,Blue,3.1,35791,Volvo Cars of Manhattan
E83B066D97444BF19,Volvo,2019,Electric,XC60,Manual,Coupe,White,4.5,76360,BMW of San Francisco
BD6C1311A91448B0B,Chevrolet,2021,Hybrid,Tahoe,AWD Automatic,SUV,Blue,3.5,21311,Toyota of Seattle
09E4F463CF2244588,Chevrolet,2025,Electric,Tahoe,AWD Automatic,Sedan,Green,4.9,73296,BMW of San Francisco
4ADDE907B61742339,Tesla,2023,Gasoline,Model S,Manual,SUV,Blue,4.9,53658,Tesla Store Los Angeles
CB2C01EBD61C43F5B,Toyota,2024,Electric,Highlander,AWD Automatic,Truck,White,4.7,46965,Chevrolet of Houston
A0709C302F7440C9B,Hyundai,2023,Gasoline,Tucson,Automatic,Truck,White,4.9,54763,Ford of Detroit
638CCA799863450FB,Audi,2020,Electric,A6,Automatic,Sedan,Blue,3.3,34642,BMW of San Francisco
55481831C8D24B9DB,Chevrolet,2020,Diesel,Silverado,Automatic,SUV,Green,5.0,36275,Chevrolet of Houston
C0CAB72EDD354AC48,Tesla,2018,Gasoline,Model S,Manual,Coupe,Silver,4.0,65091,Hyundai of Dallas
0000A02C6B5346BB8,Ford,2019,Hybrid,Explorer,Manual,Sedan,Gray,4.9,53483,Honda of Chicago
45AA0C8461CB42568,BMW,2020,Gasoline,5 Series,Manual,Sedan,Gray,4.2,42059,Audi of Miami
68F8FD7CFE2B48F39,Ford,2018,Hybrid,Escape,Automatic,Sedan,Blue,3.7,43919,Tesla Store Los Angeles
902B5B9F533F4CE98,Ford,2023,Diesel,F-150,AWD Automatic,Truck,Red,3.3,35374,Mercedes-Benz of Atlanta
05F7F5D6039F422EA,Audi,2021,Gasoline,A6,AWD Automatic,Hatchback,Silver,3.7,59149,Hyundai of Dallas
081CFFEDA20842D2A,Honda,2023,Electric,Civic,AWD Automatic,SUV,Gray,5.0,64736,Chevrolet of Houston
C9711F05366F4471B,BMW,2022,Diesel,X3,Automatic,Hatchback,Gray,4.3,25795,Volvo Cars of Manhattan
C4E3E21305B0451B9,Toyota,2018,Electric,Corolla,Automatic,Sedan,Green,3.5,30706,Volvo Cars of Manhattan
E0B52FFEE9534EBF9,Chevrolet,2022,Gasoline,Tahoe,Automatic,Coupe,Blue,4.7,57486,Mercedes-Benz of Atlanta
802D02762C974758A,Toyota,2024,Hybrid,Corolla,Manual,Coupe,Red,4.8,72364,Chevrolet of Houston
9B6BB47127D94F26A,Mercedes-Benz,2019,Diesel,E-Class,Automatic,Coupe,White,3.8,60749,Ford of Detroit
0CB8FD16E0ED420A9,Audi,2021,Gasoline,A4,AWD Automatic,Coupe,Red,4.8,54168,Audi of Miami
FBAEA61C7CD949328,Toyota,2018,Hybrid,RAV4,Automatic,Coupe,White,4.1,27797,Audi of Miami
9B49FE78D67F48C78,Chevrolet,2018,Hybrid,Silverado,Manual,Truck,Onyx Black,3.2,66514,Tesla Store Los Angeles
79DE43A02C294E1CB,Tesla,2021,Hybrid,Model X,Automatic,Hatchback,Red,3.9,20386,Volvo Cars of Manhattan
5CDDA9BB3B97412B8,Hyundai,2021,Electric,Elantra,AWD Automatic,Hatchback,Blue,4.9,72880,Mercedes-Benz of Atlanta
9243BE3AB4E94D169,Toyota,2021,Electric,Corolla,Manual,Coupe,White,3.8,30735,BMW of San Francisco
5474DA4FB6604D779,Hyundai,2018,Electric,Sonata,Manual,Hatchback,Green,3.1,45382,Ford of Detroit
245AEE6D6989402EA,Volvo,2021,Diesel,V60,Automatic,Sedan,Blue,4.5,78624,Tesla Store Los Angeles
679CA66B00914CDCA,Audi,2023,Gasoline,A6,Automatic,Sedan,Green,4.7,29067,Mercedes-Benz of Atlanta
F48ECF753D654410B,Mercedes-Benz,2021,Gasoline,C-Class,Automatic,Coupe,Blue,3.2,64592,Tesla Store Los Angeles
6D36B75C9B0C418CA,Hyundai,2022,Hybrid,Elantra,AWD Automatic,Truck,White,4.6,45274,Tesla Store Los Angeles
AD1AD70D34DA43449,BMW,2020,Diesel,X5,Manual,Truck,Silver,3.2,75579,Toyota of Seattle
EB1F50DF50DE42C4B,Toyota,2021,Gasoline,Corolla,Automatic,Sedan,Blue,3.8,32840,BMW of San Francisco
8A2BF4E7AAB8483F9,Mercedes-Benz,2021,Hybrid,C-Class,AWD Automatic,Hatchback,Blue,4.6,29855,Volvo Cars of Manhattan
32AD4D2FC9584ECCA,Volvo,2020,Gasoline,S60,Automatic,Coupe,White,4.8,42552,Toyota of Seattle
49EB961593464B939,Ford,2025,Gasoline,Mustang,Manual,Coupe,Blue,4.9,55577,Ford of Detroit
5589214E6DA840A6A,Mercedes-Benz,2018,Hybrid,GLC,Automatic,Hatchback,Onyx Black,3.2,54624,Volvo Cars of Manhattan
259982BC79534F508,Volvo,2022,Hybrid,V60,Automatic,Coupe,Red,3.6,50294,Volvo Cars of Manhattan
A6908494C7BC4E16A,Toyota,2025,Hybrid,Highlander,Automatic,SUV,Red,3.7,53750,Audi of Miami
6A7E119741384BC1A,Honda,2022,Diesel,Pilot,Automatic,Sedan,Red,5.0,33570,Volvo Cars of Manhattan
5A013DF673D74E0F9,Hyundai,2018,Electric,Santa Fe,Automatic,Hatchback,Onyx Black,5.0,45081,Tesla Store Los Angeles
CBD733ADDA1540C1A,Honda,2024,Electric,Pilot,Manual,Sedan,White,4.6,62928,Ford of Detroit
9804614AA0C34C3DB,Toyota,2020,Gasoline,Camry,Manual,Hatchback,Green,4.7,70461,Hyundai of Dallas
8CE7B9B0DE724DC4B,BMW,2019,Gasoline,X3,AWD Automatic,Hatchback,Green,3.5,41577,Toyota of Seattle
9ACF3C4DBE414139B,Tesla,2018,Hybrid,Model S,AWD Automatic,SUV,Silver,3.3,68298,Mercedes-Benz of Atlanta
FD2A136E7D6C4B939,Ford,2019,Gasoline,Explorer,Automatic,Coupe,Blue,3.2,57105,Tesla Store Los Angeles
F97DD9427FE44E6F9,Honda,2025,Gasoline,Pilot,Manual,Truck,Onyx Black,5.0,78851,Toyota of Seattle
2AD3FD0D367A4F84B,Volvo,2022,Electric,S60,AWD Automatic,Hatchback,Green,4.7,47369,Chevrolet of Houston
01CE7E1353124A4DA,Hyundai,2021,Gasoline,Santa Fe,AWD Automatic,SUV,Onyx Black,4.0,23317,Chevrolet of Houston
19E2B73AFE0C4FCE8,Toyota,2019,Gasoline,RAV4,Automatic,Hatchback,Onyx Black,3.8,70111,Tesla Store Los Angeles
31AD1B9EBDD94C939,Volvo,2018,Electric,V60,Automatic,SUV,Gray,4.3,47623,Volvo Cars of Manhattan
3C68BD4CBEF543B09,BMW,2018,Electric,X5,AWD Automatic,SUV,Red,4.9,45737,Mercedes-Benz of Atlanta
AC8CF8937C1146718,Volvo,2020,Electric,S60,Manual,Sedan,Onyx Black,3.7,20282,Hyundai of Dallas
A6203F71A1524A54A,Chevrolet,2022,Gasoline,Silverado,AWD Automatic,Coupe,Silver,4.8,40227,Toyota of Seattle
7E0C2400326B4B56A,Mercedes-Benz,2020,Hybrid,E-Class,AWD Automatic,Sedan,White,3.9,51882,Tesla Store Los Angeles
9AA910EF605D44DFB,Volvo,2023,Electric,XC60,Manual,SUV,Green,3.6,29857,Hyundai of Dallas
F387F3601AAA45D6A,Honda,2022,Electric,CR-V,Manual,Hatchback,Silver,4.1,78024,Ford of Detroit
C0D85BD129A14D228,Ford,2025,Hybrid,Mustang,Manual,SUV,Red,3.2,32630,Tesla Store Los Angeles
20F9DD28C71E49119,Toyota,2022,Gasoline,Highlander,AWD Automatic,Sedan,Blue,3.9,27203,Ford of Detroit
298B2A31CA7A4603A,Tesla,2022,Gasoline,Model S,Manual,Truck,White,4.1,57346,Mercedes-Benz of Atlanta
B6DD5EF69B764565B,Mercedes-Benz,2024,Diesel,C-Class,AWD Automatic,Coupe,Silver,3.3,51446,Toyota of Seattle
597A7A54BEE545F9B,Audi,2024,Electric,A4,AWD Automatic,Coupe,Gray,4.2,59274,Toyota of Seattle
C8D272A3939B46138,Hyundai,2018,Electric,Sonata,Manual,Hatchback,Gray,4.8,41245,Hyundai of Dallas
13DF22B6DBE64765B,Toyota,2020,Electric,RAV4,Manual,Coupe,Gray,4.9,34456,Chevrolet of Houston
333C09FA1A744602B,Ford,2019,Gasoline,F-150,Automatic,SUV,White,4.6,32364,BMW of San Francisco
465E204DC1F54D429,Audi,2021,Gasoline,A4,AWD Automatic,Coupe,Green,3.9,55669,BMW of San Francisco
14D8BCAF19674CE1A,Toyota,2018,Gasoline,RAV4,Automatic,Coupe,Silver,4.5,57541,Ford of Detroit
82DC7DEE9EC34CC39,Volvo,2020,Diesel,XC90,AWD Automatic,Hatchback,Silver,4.8,62275,Mercedes-Benz of Atlanta
1270A6CE6B724EA4A,Mercedes-Benz,2022,Hybrid,GLC,Manual,Hatchback,Blue,4.7,73693,Hyundai of Dallas
27FDC44AAE084231B,Audi,2020,Hybrid,A6,AWD Automatic,Hatchback,Blue,3.2,24403,BMW of San Francisco
DDAD6C6803234AE0A,Volvo,2018,Diesel,V60,Manual,Coupe,Green,3.7,26708,Honda of Chicago
13DCD64FB0004789A,Hyundai,2018,Diesel,Tucson,Manual,Sedan,Onyx Black,4.5,34526,Mercedes-Benz of Atlanta
AF2D89BEEDFB48028,Tesla,2018,Hybrid,Model Y,Automatic,Truck,Red,4.7,35635,Toyota of Seattle
3E887F66620A4CAC8,Volvo,2023,Hybrid,XC90,Automatic,Hatchback,Red,3.5,26061,Hyundai of Dallas
1A9DA5E8AC86412FB,Toyota,2018,Diesel,Corolla,Automatic,SUV,Blue,4.3,25104,Honda of Chicago
5355F02C48EA428C9,Tesla,2025,Electric,Model S,AWD Automatic,Sedan,Gray,3.5,45582,Honda of Chicago
E0F9CDDDD1A24FFFB,Chevrolet,2022,Gasoline,Silverado,Manual,Truck,Gray,4.4,24442,Mercedes-Benz of Atlanta
73FC91DB05D944FE8,BMW,2022,Hybrid,5 Series,Manual,Coupe,Red,3.2,25351,Ford of Detroit
E3A3795CE62445C5B,BMW,2024,Gasoline,X3,Manual,Coupe,Gray,4.6,75601,BMW of San Francisco
A4643CFC1E8C480E9,Hyundai,2025,Hybrid,Elantra,Automatic,Truck,Blue,3.1,76181,Audi of Miami
B505065CC78D4C4FA,Chevrolet,2023,Diesel,Tahoe,Manual,SUV,Gray,3.9,37596,Honda of Chicago
AEE09FD8614640B28,Mercedes-Benz,2023,Electric,E-Class,Automatic,Truck,White,4.6,33279,Ford of Detroit
3342A6F0A5B34B90A,Honda,2022,Hybrid,Pilot,AWD Automatic,Truck,Red,3.5,38838,Tesla Store Los Angeles
EDA1E5781D17469FB,Mercedes-Benz,2023,Gasoline,GLE,AWD Automatic,Sedan,Silver,3.0,24741,Volvo Cars of Manhattan
A041A5D1C8F0412C8,Chevrolet,2024,Diesel,Equinox,Automatic,Coupe,Red,4.6,26282,Audi of Miami
BF3B267B855D4AADB,Audi,2018,Electric,A6,AWD Automatic,Truck,Green,4.3,77107,Chevrolet of Houston
54F19043222C43498,Tesla,2022,Gasoline,Model 3,Automatic,SUV,Blue,3.8,79211,Hyundai of Dallas
F949E48FC29C4B098,Hyundai,2024,Electric,Sonata,AWD Automatic,SUV,Green,3.0,68160,Mercedes-Benz of Atlanta
46655CDB96A949DD8,Ford,2023,Electric,Explorer,AWD Automatic,Hatchback,Red,4.7,69065,Honda of Chicago
352DE8D9F3C44A6EB,Honda,2023,Diesel,CR-V,Manual,Coupe,Gray,4.6,73244,Mercedes-Benz of Atlanta
F2D252FD006A4E8F9,Mercedes-Benz,2018,Electric,GLE,Automatic,Sedan,Silver,5.0,73674,Audi of Miami
441A3C5A3B6741B5B,Toyota,2020,Electric,RAV4,Manual,SUV,Red,4.6,63168,Chevrolet of Houston
2F48D6DBCBC643068,Volvo,2020,Electric,V60,AWD Automatic,Truck,Blue,4.1,67284,Mercedes-Benz of Atlanta
887BF1E400254155A,Tesla,2022,Diesel,Model X,Automatic,SUV,Silver,3.9,36841,Hyundai of Dallas
0C659781BF6B4F94A,Ford,2023,Hybrid,Mustang,Manual,Hatchback,Red,3.4,51794,Toyota of Seattle
810FE5DBCAB742B6A,Chevrolet,2023,Hybrid,Malibu,AWD Automatic,Hatchback,Silver,4.1,54374,Toyota of Seattle
88AF804A8D084B839,Volvo,2018,Electric,S60,AWD Automatic,Coupe,Red,3.9,23719,Hyundai of Dallas
FC5B341D82AD48CFA,Tesla,2025,Hybrid,Model X,Automatic,Hatchback,Silver,4.4,68028,Tesla Store Los Angeles
11EED7505F7B453B9,Volvo,2022,Gasoline,V60,Automatic,Hatchback,Red,3.6,40019,Honda of Chicago
A36A2C22EC8C4D3EB,BMW,2025,Hybrid,X5,Automatic,Truck,White,4.1,76387,Audi of Miami
C850ACB9F4A8486E8,Toyota,2019,Gasoline,Highlander,Manual,Truck,Gray,3.5,24435,Audi of Miami
0889056AB1514CEE8,Ford,2024,Electric,Mustang,Automatic,Sedan,Red,3.6,49900,Toyota of Seattle
BDDD6031E5B64292B,Toyota,2022,Electric,Highlander,Manual,Sedan,Silver,4.5,38202,Toyota of Seattle
9D919D4C639B47EA8,Volvo,2020,Diesel,V60,Automatic,Coupe,Blue,3.3,47552,BMW of San Francisco
46A18B8EE9F249B1B,Ford,2022,Electric,F-150,Manual,Truck,Green,4.0,42766,Volvo Cars of Manhattan
297E72112C6B48149,Ford,2018,Hybrid,Explorer,Manual,Coupe,Gray,3.1,44080,Mercedes-Benz of Atlanta
3112FA0B0ADA4DC89,BMW,2022,Gasoline,5 Series,Automatic,Truck,Red,4.2,64047,BMW of San Francisco
45FB9A97BB4E4270B,Honda,2018,Hybrid,Accord,Manual,Coupe,Blue,3.6,61294,Chevrolet of Houston
C2C066E684B84CDBA,BMW,2024,Electric,5 Series,Automatic,Hatchback,Green,3.8,38770,Hyundai of Dallas
8EC78C9A800A4BC4A,Audi,2019,Gasoline,Q7,AWD Automatic,Truck,Onyx Black,3.9,30972,Toyota of Seattle
30A436500546425C9,Honda,2022,Diesel,CR-V,Manual,SUV,Blue,4.5,34711,Volvo Cars of Manhattan
C3AC44F790B14F848,BMW,2020,Gasoline,5 Series,Automatic,Sedan,Blue,4.3,60655,Chevrolet of Houston
1C46DBE9F44F48959,Hyundai,2020,Hybrid,Elantra,Automatic,SUV,Silver,3.5,33726,Volvo Cars of Manhattan
4F3712B165C549699,Toyota,2025,Gasoline,RAV4,AWD Automatic,Hatchback,Onyx Black,3.7,27927,Volvo Cars of Manhattan
C2E95A12EB584879A,Ford,2019,Diesel,Explorer,Manual,Coupe,Blue,4.6,75933,Honda of Chicago
55161CF6F5634EE3A,Toyota,2019,Gasoline,RAV4,Manual,SUV,Gray,4.5,20934,Hyundai of Dallas
44F9629BA72E4FF5A,Tesla,2019,Electric,Model S,Automatic,Hatchback,White,4.9,21428,Ford of Detroit
9D7765A0937F4B029,Mercedes-Benz,2021,Gasoline,C-Class,Automatic,Sedan,Green,4.5,49918,Audi of Miami
43F17EE6B1C941AA9,Audi,2022,Hybrid,A4,AWD Automatic,Hatchback,Red,4.0,67356,Ford of Detroit
332324721BD04D659,Hyundai,2020,Gasoline,Sonata,AWD Automatic,SUV,Red,4.6,57261,Ford of Detroit
7AB4EDEFF2164DEB9,Mercedes-Benz,2019,Hybrid,C-Class,Automatic,Hatchback,Onyx Black,3.1,45499,Hyundai of Dallas
F1B8B38E05594CC8A,Hyundai,2025,Diesel,Elantra,Automatic,Coupe,White,4.3,35774,Tesla Store Los Angeles
B3A161689C5F44EB8,Honda,2018,Hybrid,CR-V,Manual,Truck,Red,4.9,36561,Toyota of Seattle
680C32C1BCCF4A968,Chevrolet,2021,Hybrid,Tahoe,AWD Automatic,Sedan,Blue,3.5,22068,Toyota of Seattle
8CF0C7A9DE624008A,Tesla,2020,Electric,Model X,AWD Automatic,SUV,White,5.0,29771,BMW of San Francisco
AC7ADA0202B14830B,Honda,2024,Hybrid,Pilot,AWD Automatic,Truck,Silver,3.5,21082,Volvo Cars of Manhattan
69F78921700249D0B,BMW,2018,Hybrid,3 Series,Automatic,Sedan,Onyx Black,3.6,36579,Toyota of Seattle
34EE52E7EBDC430D9,Chevrolet,2021,Electric,Silverado,Manual,Hatchback,White,4.4,66454,Chevrolet of Houston
67B5992CE481485CB,Mercedes-Benz,2018,Electric,E-Class,Automatic,Truck,Silver,3.7,64466,Audi of Miami
27D4B5E14DC240128,Hyundai,2019,Electric,Elantra,Manual,SUV,Gray,3.8,55360,Mercedes-Benz of Atlanta
95B9E676672943879,Mercedes-Benz,2025,Electric,E-Class,AWD Automatic,Hatchback,Blue,3.7,59446,BMW of San Francisco
1623A743298147E88,Hyundai,2018,Diesel,Santa Fe,AWD Automatic,SUV,Green,3.1,75444,Hyundai of Dallas
E30C5B06E3294B228,Ford,2025,Electric,F-150,Automatic,Coupe,Onyx Black,4.7,24552,BMW of San Francisco
F8D5B50FFBF443C08,Volvo,2019,Electric,XC90,AWD Automatic,Coupe,Silver,4.6,57733,Hyundai of Dallas
879D879F4A0245528,Mercedes-Benz,2023,Electric,GLC,AWD Automatic,SUV,Green,3.9,51006,Chevrolet of Houston
0182333B14F24B809,Tesla,2023,Gasoline,Model S,AWD Automatic,SUV,Silver,4.4,61702,Toyota of Seattle
9D70F4E2802F4CB29,Chevrolet,2020,Gasoline,Silverado,Automatic,Truck,Red,4.5,48692,Tesla Store Los Angeles
04EE48B46A6747F38,Toyota,2021,Diesel,Highlander,AWD Automatic,Hatchback,White,4.9,46921,Honda of Chicago
D3EEA38D7655426BB,Honda,2025,Diesel,CR-V,Automatic,Truck,Silver,4.8,53880,Ford of Detroit
6646F35BFADA42A8A,Audi,2020,Gasoline,Q7,AWD Automatic,Hatchback,Onyx Black,3.8,72336,BMW of San Francisco
31469CA0FA044DDA9,Audi,2021,Electric,A4,Manual,Coupe,Green,4.1,48713,Volvo Cars of Manhattan
533D01B0B4AC4B4D8,BMW,2024,Diesel,5 Series,AWD Automatic,Hatchback,Onyx Black,3.5,21899,Volvo Cars of Manhattan
A33057669E2045009,Mercedes-Benz,2021,Electric,GLC,AWD Automatic,Sedan,Silver,3.9,60637,Toyota of Seattle
EBEB548A15D64A2EA,Chevrolet,2018,Hybrid,Equinox,AWD Automatic,Truck,Green,4.9,64497,Ford of Detroit
4C5B72E8A13F419E8,Mercedes-Benz,2025,Electric,C-Class,AWD Automatic,Truck,Blue,4.9,60837,Chevrolet of Houston
8CCB72666BB2436CA,Audi,2019,Diesel,A4,Automatic,Truck,Onyx Black,3.5,72538,Toyota of Seattle
B4529948305D48D9B,BMW,2023,Diesel,X5,AWD Automatic,SUV,Onyx Black,4.8,28371,Honda of Chicago
09E90EC2E41D4F179,Volvo,2025,Electric,XC90,AWD Automatic,Coupe,Blue,3.2,23205,Honda of Chicago
11169223CA9747FE9,Chevrolet,2020,Diesel,Equinox,AWD Automatic,Coupe,Gray,4.4,25845,Toyota of Seattle
A1A40EEEC0B747ACB,Audi,2020,Hybrid,Q5,AWD Automatic,Coupe,Gray,3.1,47345,Mercedes-Benz of Atlanta
B56C8F0EFA9E47029,Chevrolet,2018,Hybrid,Equinox,AWD Automatic,SUV,Red,3.7,26616,BMW of San Francisco
08DA82E430604AEEB,Hyundai,2018,Diesel,Tucson,AWD Automatic,SUV,Blue,4.1,70675,Chevrolet of Houston
CBA681C4D0B344638,Volvo,2021,Gasoline,V60,Manual,Truck,Silver,4.8,35466,Audi of Miami
2FCFD6CED6CD4889B,Honda,2020,Electric,CR-V,Automatic,Sedan,Silver,3.8,48628,Toyota of Seattle
618262FE45354049B,Mercedes-Benz,2024,Electric,C-Class,AWD Automatic,SUV,Gray,4.9,75305,Ford of Detroit
85769E23CD4142859,Volvo,2019,Hybrid,XC60,Manual,SUV,Blue,3.6,74968,Hyundai of Dallas
8FDD0290ED1A451A9,Toyota,2021,Electric,RAV4,AWD Automatic,Sedan,Silver,3.4,57196,Mercedes-Benz of Atlanta
A51C96F8A34841E0B,Hyundai,2020,Electric,Tucson,Automatic,Sedan,Red,3.2,77907,Mercedes-Benz of Atlanta
799B676E6D3B4FB59,Ford,2019,Hybrid,F-150,Manual,Truck,Red,4.0,78810,Tesla Store Los Angeles
38AC0090CE014067A,Tesla,2019,Electric,Model X,Automatic,Hatchback,Silver,3.7,25790,Tesla Store Los Angeles
8767081FEC8742739,Toyota,2021,Hybrid,Highlander,Manual,Hatchback,Red,4.8,44184,Volvo Cars of Manhattan
E273D6C71CC44E8BB,Hyundai,2023,Hybrid,Elantra,Manual,Sedan,Blue,4.9,37613,Ford of Detroit
967FADDE634E4AF48,Ford,2025,Hybrid,Explorer,Automatic,SUV,White,3.7,69006,Toyota of Seattle
9DC4AE3A251A481BA,Toyota,2022,Gasoline,RAV4,Automatic,Truck,Blue,4.9,34380,Toyota of Seattle
71308DBC092545709,Tesla,2024,Electric,Model Y,AWD Automatic,Truck,Silver,4.7,73612,Tesla Store Los Angeles
A81CF048101F43AEA,Chevrolet,2023,Diesel,Equinox,Automatic,Sedan,Gray,4.7,74854,Chevrolet of Houston
41E2E223D7E54B278,Mercedes-Benz,2022,Hybrid,C-Class,Manual,Hatchback,Red,3.2,33439,Tesla Store Los Angeles
DC8F7A2B8FC74F8FB,BMW,2024,Hybrid,X3,Automatic,SUV,Green,3.3,34288,Ford of Detroit
A65C780449CA4F78B,Mercedes-Benz,2023,Electric,GLE,Manual,Hatchback,Gray,3.1,75622,BMW of San Francisco
A0956C39FF3641E38,Audi,2021,Electric,A4,Automatic,Truck,Blue,3.6,54472,Tesla Store Los Angeles
805A1766A36441A29,Tesla,2025,Hybrid,Model X,Manual,Coupe,White,4.3,51607,Hyundai of Dallas
4D466135C79B42BB9,Honda,2019,Electric,CR-V,AWD Automatic,Sedan,Onyx Black,3.7,23807,BMW of San Francisco
20870BD786864B699,Honda,2022,Diesel,Civic,Manual,Truck,White,3.5,37102,Hyundai of Dallas
1AD64AB3E3C84616A,Volvo,2020,Electric,XC60,Automatic,Sedan,Onyx Black,3.2,30980,Tesla Store Los Angeles
6710CAD1AE9241FE9,Toyota,2025,Hybrid,Corolla,Manual,Hatchback,Gray,3.2,39369,BMW of San Francisco
5872CAD565744642A,Chevrolet,2018,Gasoline,Equinox,Manual,SUV,Silver,3.6,24052,Honda of Chicago
506DB6F6C0854779B,Mercedes-Benz,2025,Hybrid,GLE,Automatic,Sedan,Onyx Black,3.0,74245,BMW of San Francisco
2AFF8FC7788949E79,Hyundai,2024,Hybrid,Tucson,Automatic,Hatchback,Red,4.4,68021,Audi of Miami
7FB91E924B8646C48,BMW,2018,Gasoline,3 Series,Automatic,SUV,Blue,4.8,37050,Tesla Store Los Angeles
F24F067FA81A4A90B,Hyundai,2019,Diesel,Santa Fe,AWD Automatic,Truck,Blue,3.6,27927,Honda of Chicago
A52D580E40484DB68,Ford,2023,Hybrid,Escape,AWD Automatic,Truck,White,4.7,73148,Ford of Detroit
DBE1EB701B5C4F13B,Chevrolet,2019,Electric,Silverado,Manual,Coupe,Onyx Black,3.2,71801,BMW of San Francisco
FDD7D0CEC1224A63A,Chevrolet,2023,Gasoline,Malibu,Manual,Hatchback,Blue,3.3,58871,Ford of Detroit
62B60B9D2B474579B,Toyota,2021,Diesel,Highlander,Automatic,Sedan,Silver,4.7,26947,Volvo Cars of Manhattan
81DE59F7BA5044D2A,Audi,2021,Diesel,A6,Automatic,Coupe,Red,4.8,68135,Honda of Chicago
9D4A612F9AD248CEA,Chevrolet,2019,Hybrid,Silverado,Manual,SUV,Red,3.9,44357,Tesla Store Los Angeles
845FD2214B554E0D9,Ford,2020,Gasoline,F-150,Automatic,Coupe,Onyx Black,5.0,64614,Hyundai of Dallas
962192F1630E4E79B,Ford,2019,Diesel,Escape,Automatic,Sedan,Gray,4.3,42155,Ford of Detroit
2400FA602CAB49649,Audi,2019,Gasoline,Q7,Manual,Sedan,Gray,4.3,71353,Volvo Cars of Manhattan
CC0C890A61904B85B,BMW,2024,Hybrid,3 Series,Automatic,Hatchback,Gray,3.4,64079,Chevrolet of Houston
251D4C8D9D2C49AEA,Mercedes-Benz,2023,Electric,GLC,AWD Automatic,Truck,Red,4.5,60040,Tesla Store Los Angeles
B24395DB69CD4910B,Honda,2025,Gasoline,CR-V,AWD Automatic,Truck,Green,3.1,79759,Mercedes-Benz of Atlanta
F7DDE7B345154FA7B,Chevrolet,2025,Electric,Malibu,Manual,Hatchback,Green,4.3,38400,Volvo Cars of Manhattan
AF6889E23F09429EA,Mercedes-Benz,2020,Gasoline,E-Class,Manual,Hatchback,Onyx Black,3.9,52032,Chevrolet of Houston
86866F42593E4ED9A,BMW,2022,Gasoline,5 Series,Manual,Truck,Red,3.9,22549,Honda of Chicago
27DA680EB48444D48,Honda,2021,Hybrid,Civic,Manual,Sedan,Green,3.6,38343,Honda of Chicago
71EB24D24AC94D8D9,Toyota,2022,Hybrid,Highlander,AWD Automatic,Hatchback,White,4.4,63545,Volvo Cars of Manhattan
5D7144FF457344128,Honda,2021,Diesel,Accord,Automatic,Truck,White,4.4,60313,Volvo Cars of Manhattan
11398E594E6B40CAA,BMW,2020,Diesel,X3,AWD Automatic,Sedan,Onyx Black,3.4,54415,Mercedes-Benz of Atlanta
ACF3DF7DF01248FFA,Toyota,2024,Electric,RAV4,Manual,Truck,Green,3.7,62356,Ford of Detroit
2A6317448662405B9,Honda,2019,Gasoline,Civic,Automatic,Hatchback,Gray,4.7,32419,Ford of Detroit
01BD97EB4FA146F4B,Mercedes-Benz,2019,Gasoline,E-Class,Automatic,Coupe,Gray,4.9,69121,Audi of Miami
3E8B55BD2C8E42A4A,Toyota,2018,Electric,Corolla,Manual,Truck,Blue,4.8,79967,BMW of San Francisco
A6BBD042559D42B2A,Chevrolet,2018,Electric,Equinox,AWD Automatic,Coupe,White,4.3,36796,Volvo Cars of Manhattan
5B83C40E827B4A36A,Toyota,2023,Hybrid,Corolla,AWD Automatic,Truck,Blue,4.7,67007,Honda of Chicago
AFE33491FAED4D4FA,Volvo,2018,Hybrid,XC60,Automatic,Sedan,Blue,4.1,78068,Toyota of Seattle
79E14FEC01B34543A,Tesla,2024,Diesel,Model 3,Automatic,Truck,Onyx Black,3.7,66125,Hyundai of Dallas
89ABA52310654B308,Chevrolet,2022,Diesel,Silverado,Automatic,Sedan,Silver,3.3,56207,Tesla Store Los Angeles
095489D82C5145988,Honda,2022,Hybrid,Accord,Automatic,Hatchback,Red,4.9,40986,Chevrolet of Houston
E22B3D10B0784470A,Audi,2018,Gasoline,A4,AWD Automatic,SUV,Red,4.7,47373,Toyota of Seattle
1CF2CC70D5D04FC99,Audi,2022,Gasoline,A6,Manual,Hatchback,Gray,4.4,58069,Toyota of Seattle
66779D672CDA40E4A,Mercedes-Benz,2023,Hybrid,E-Class,Manual,Coupe,Onyx Black,3.7,56825,Honda of Chicago
553D6001DBF64767B,Toyota,2019,Electric,Highlander,AWD Automatic,Hatchback,Red,3.8,72812,Mercedes-Benz of Atlanta
23B9D0C56BA640B9A,Ford,2018,Gasoline,Mustang,AWD Automatic,Truck,White,3.2,20528,Hyundai of Dallas
0C6B2BD974274405B,Toyota,2023,Gasoline,Corolla,Manual,Hatchback,Green,4.5,23437,Honda of Chicago
7365CDC773D54EBD8,Hyundai,2018,Gasoline,Tucson,Manual,Truck,Red,3.5,23303,Honda of Chicago
0AF37F0442634FB09,Chevrolet,2021,Diesel,Malibu,Automatic,Coupe,Gray,4.2,46904,Audi of Miami
7623EE71C7DA463D8,Tesla,2022,Gasoline,Model S,AWD Automatic,SUV,Red,3.3,65524,Ford of Detroit
